symbol,train_hit_rate,test_hit_rate,test_mean_excess
PVLA,0.2857142857142857,0.5,354.6484
AXTI,0.2857142857142857,0.5,295.41565
CTMX,0.14285714285714285,0.5,283.8778
CVNA,0.6666666666666666,1.0,192.00064
LITE,0.2857142857142857,1.0,174.1578
TPC,0.0,1.0,150.87216
SEI,0.16666666666666666,1.0,146.09116
VFF,0.2,0.5,144.39088
AGX,0.42857142857142855,1.0,136.28525
XCUR,0.0,0.5,133.37965
EBS,0.42857142857142855,1.0,122.9321
NAGE,0.14285714285714285,0.5,121.89437
ADMA,0.2857142857142857,0.5,117.41362
CIEN,0.42857142857142855,1.0,112.62125
PGEN,0.14285714285714285,0.5,111.43567
NKTR,0.14285714285714285,1.0,103.81995
RAIL,0.2857142857142857,0.5,102.76245
IESC,0.42857142857142855,1.0,100.71363
LASR,0.4,0.5,98.27222
AXGN,0.2857142857142857,1.0,97.23489
GORO,0.2857142857142857,0.5,97.10037
ATRO,0.42857142857142855,0.5,96.269684
MU,0.5714285714285714,0.5,93.46877
FIX,0.7142857142857143,1.0,92.77005
HRTG,0.14285714285714285,1.0,91.866714
CRS,0.5714285714285714,1.0,91.61502
ANAB,0.42857142857142855,0.5,90.14487
VTVT,0.0,1.0,89.45677
HROW,0.42857142857142855,1.0,85.59053
NVDA,0.7142857142857143,1.0,85.07736
UI,0.7142857142857143,1.0,83.48728
CORT,0.5714285714285714,0.5,82.97857
COHR,0.2857142857142857,1.0,82.39708
ETON,0.2,1.0,82.38342
SMTC,0.2857142857142857,1.0,80.43922
ARWR,0.5714285714285714,0.5,77.44493
PRIM,0.42857142857142855,1.0,76.163025
AEVA,0.25,1.0,75.804245
USLM,0.5714285714285714,0.5,71.99916
LQDA,0.6,0.5,71.7189
STRL,0.7142857142857143,1.0,68.680695
HIMS,0.75,1.0,68.040375
GHM,0.2857142857142857,1.0,66.3446
FLXS,0.14285714285714285,0.5,63.962345
CENX,0.5714285714285714,1.0,63.88523
FOA,0.0,0.5,63.025146
LCTX,0.14285714285714285,0.5,61.71354
AVGO,0.8571428571428571,1.0,61.711716
RIGL,0.2857142857142857,0.5,59.44677
WBD,0.14285714285714285,0.5,58.704964
VHC,0.42857142857142855,0.5,55.391785
NRG,0.42857142857142855,1.0,55.288036
GLW,0.5714285714285714,1.0,53.925938
ASYS,0.42857142857142855,1.0,53.18743
IDCC,0.14285714285714285,1.0,52.69771
SANM,0.42857142857142855,1.0,52.679005
EME,0.5714285714285714,1.0,52.128365
CNVS,0.14285714285714285,0.5,51.74653
DY,0.5714285714285714,1.0,51.181744
WWW,0.2857142857142857,0.5,50.343307
APH,0.8571428571428571,1.0,49.19714
SITM,0.5,1.0,48.51139
MTZ,0.5714285714285714,1.0,47.676075
ENVA,0.5714285714285714,1.0,46.85166
RVMD,0.5,1.0,46.18298
LPCN,0.14285714285714285,1.0,46.12869
LRCX,0.7142857142857143,0.5,46.12445
ESTA,0.4,1.0,45.308174
MUX,0.0,0.5,45.268055
AXON,0.8571428571428571,0.5,43.900856
UUUU,0.42857142857142855,0.5,43.260277
MCY,0.14285714285714285,1.0,42.163116
VERI,0.16666666666666666,1.0,40.966972
FN,0.7142857142857143,0.5,39.629158
LGND,0.42857142857142855,1.0,39.48489
MSB,0.42857142857142855,1.0,39.261536
AORT,0.2857142857142857,1.0,39.008766
ZYME,0.5,1.0,37.794144
SFM,0.5714285714285714,0.5,37.718475
IMAX,0.0,1.0,37.244278
MLI,0.5714285714285714,1.0,36.320957
RL,0.42857142857142855,1.0,35.92601
PLMR,0.25,1.0,35.915596
TDAY,0.14285714285714285,0.5,35.74085
TRGP,0.2857142857142857,0.5,35.31968
NET,0.75,1.0,33.643204
QTWO,0.7142857142857143,0.5,33.531826
ARQ,0.14285714285714285,0.5,33.072643
APPS,0.5714285714285714,0.5,32.422077
ANET,0.7142857142857143,0.5,32.271797
KLAC,0.8571428571428571,0.5,31.17006
GSIT,0.42857142857142855,0.5,30.401115
RDNT,0.7142857142857143,0.5,30.097809
GOOGL,0.7142857142857143,1.0,29.891567
ALNT,0.42857142857142855,0.5,29.596405
GSAT,0.42857142857142855,0.5,29.523273
GOOG,0.7142857142857143,1.0,29.301159
WWD,0.5714285714285714,0.5,28.877838
AVTX,0.42857142857142855,0.5,28.56351
VCTR,0.6666666666666666,0.5,27.550224
DAN,0.2857142857142857,0.5,27.340906
ECOR,0.2,0.5,27.335075
CNK,0.2857142857142857,0.5,27.136745
CMI,0.5714285714285714,1.0,27.0494
IRMD,0.5714285714285714,0.5,26.858862
FET,0.14285714285714285,0.5,26.720596
FTI,0.2857142857142857,1.0,26.714836
SND,0.14285714285714285,0.5,26.389408
NFLX,0.5714285714285714,0.5,26.194122
GTX,0.4,0.5,25.772045
HWKN,0.5714285714285714,1.0,25.670876
AMRX,0.2,1.0,25.60714
IONS,0.42857142857142855,0.5,25.287289
PIPR,0.5714285714285714,0.5,25.09184
NGS,0.2857142857142857,1.0,24.825603
PNTG,0.5,0.5,24.774624
TBRG,0.2857142857142857,0.5,24.528671
AVPT,0.5,0.5,24.481506
EVR,0.5714285714285714,1.0,23.859293
AEIS,0.7142857142857143,0.5,23.837643
RVLV,0.5,0.5,23.690193
CDZI,0.0,0.5,23.181446
PCRX,0.2857142857142857,0.5,23.180283
TCMD,0.42857142857142855,0.5,23.044563
MRCY,0.42857142857142855,0.5,22.712719
VNDA,0.14285714285714285,0.5,22.681324
EYE,0.16666666666666666,0.5,22.588493
IRTC,0.42857142857142855,0.5,21.884678
HNRG,0.2857142857142857,0.5,21.83243
UNFI,0.2857142857142857,1.0,21.726871
IHRT,0.25,0.5,21.57929
URBN,0.2857142857142857,1.0,21.202427
ORN,0.14285714285714285,1.0,21.152275
NTGR,0.14285714285714285,0.5,20.891544
AUPH,0.7142857142857143,0.5,20.508831
TPL,0.7142857142857143,0.5,20.433325
CASY,0.2857142857142857,1.0,20.302399
ALSN,0.5714285714285714,0.5,20.13522
NGL,0.14285714285714285,0.5,20.089567
P,0.8571428571428571,0.5,20.02821
AWI,0.7142857142857143,1.0,19.975471
EVC,0.14285714285714285,0.5,19.551552
CCLD,0.42857142857142855,0.5,19.330032
OUT,0.2857142857142857,1.0,19.255627
WSM,0.7142857142857143,0.5,19.113905
SPNT,0.2857142857142857,1.0,18.936
PH,0.7142857142857143,1.0,18.800575
TSLA,0.8571428571428571,1.0,18.768549
MDU,0.14285714285714285,0.5,18.723352
ORCL,0.8571428571428571,1.0,18.530231
META,0.5714285714285714,0.5,18.315144
REZI,0.2,1.0,18.126774
JEF,0.5714285714285714,0.5,17.889633
EXPE,0.42857142857142855,0.5,17.879469
WT,0.42857142857142855,1.0,17.74233
CNX,0.2857142857142857,0.5,17.562243
RGLD,0.5714285714285714,0.5,17.433561
SNEX,0.42857142857142855,1.0,17.151237
AMG,0.5714285714285714,0.5,17.05848
VIAV,0.2857142857142857,0.5,16.868204
VIRT,0.2857142857142857,0.5,16.675186
MEDP,0.8571428571428571,0.5,16.45059
TNL,0.2857142857142857,1.0,16.28954
SF,0.5714285714285714,1.0,16.223133
SCCO,0.7142857142857143,0.5,16.20791
UAN,0.42857142857142855,0.5,15.545381
VUZI,0.14285714285714285,0.5,15.480914
TER,0.7142857142857143,0.5,15.343899
MGNI,0.42857142857142855,0.5,15.126303
NPKI,0.42857142857142855,0.5,14.850455
APO,0.7142857142857143,0.5,14.223534
OPY,0.7142857142857143,0.5,14.031202
CALM,0.2857142857142857,0.5,13.981884
DCO,0.5714285714285714,0.5,13.907337
MMM,0.14285714285714285,1.0,13.695991
WMB,0.2857142857142857,0.5,13.443816
JLL,0.42857142857142855,1.0,13.4017935
HEI,0.5714285714285714,1.0,13.374686
GKOS,0.5714285714285714,0.5,13.180553
OPRX,0.5714285714285714,0.5,13.166885
ONC,0.5714285714285714,0.5,12.935865
FPH,0.16666666666666666,0.5,12.919331
NVT,0.6,0.5,12.781536
KKR,0.7142857142857143,0.5,12.691856
CTRE,0.2857142857142857,1.0,12.509554
HAS,0.14285714285714285,0.5,12.471235
TREE,0.42857142857142855,1.0,12.424279
BLBD,0.2857142857142857,1.0,12.416053
TEL,0.42857142857142855,0.5,12.413776
EXEL,0.42857142857142855,1.0,12.348604
HALO,0.42857142857142855,1.0,12.224615
FHN,0.2857142857142857,1.0,12.0463085
R,0.5714285714285714,1.0,11.797512
SUPN,0.2857142857142857,1.0,11.613988
CVSA,0.5714285714285714,0.5,11.21406
PJT,0.5714285714285714,0.5,11.161007
ISRG,0.7142857142857143,0.5,11.090409
MRVL,0.7142857142857143,0.5,11.009792
DGII,0.5714285714285714,0.5,10.885478
BHE,0.2857142857142857,0.5,10.864591
AYI,0.14285714285714285,1.0,10.8052025
ORI,0.42857142857142855,1.0,10.675901
KMI,0.2857142857142857,0.5,10.594667
ITIC,0.42857142857142855,0.5,10.566724
AMD,0.7142857142857143,0.5,10.549467
CBRE,0.42857142857142855,1.0,10.510181
AMAT,0.7142857142857143,0.5,10.485244
CVCO,0.5714285714285714,1.0,10.252487
LXFR,0.2857142857142857,0.5,9.729153
CARG,0.3333333333333333,0.5,9.545792
ATYR,0.2857142857142857,0.5,9.283852
LDOS,0.42857142857142855,1.0,9.199281
FHI,0.42857142857142855,1.0,8.756865
FICO,0.8571428571428571,0.5,8.556641
MPLX,0.2857142857142857,1.0,8.461553
CSTL,0.25,0.5,8.244534
WTTR,0.5,0.5,8.162266
HII,0.42857142857142855,0.5,8.055336
PSMT,0.2857142857142857,1.0,7.8903446
GTES,0.0,0.5,7.755376
NMRK,0.5,0.5,7.5302362
PLPC,0.42857142857142855,0.5,7.469041
UGI,0.42857142857142855,0.5,7.457162
COKE,0.5714285714285714,1.0,7.445258
USFD,0.5714285714285714,0.5,7.426525
RBC,0.5714285714285714,0.5,7.1423225
NFG,0.2857142857142857,0.5,7.008112
MKSI,0.42857142857142855,0.5,6.8772373
PPC,0.5714285714285714,0.5,6.8376236
XPO,0.5714285714285714,0.5,6.7437525
CINF,0.5714285714285714,0.5,6.4497824
WES,0.2857142857142857,0.5,6.381505
FWONK,0.42857142857142855,0.5,6.0170536
TTWO,0.42857142857142855,0.5,5.919927
PARR,0.5714285714285714,0.5,5.888653
FCFS,0.42857142857142855,0.5,5.858824
HLT,0.7142857142857143,0.5,5.7484026
FRHC,1.0,0.5,5.704318
FWONA,0.42857142857142855,0.5,5.324639
RM,0.14285714285714285,1.0,5.2080994
GDDY,0.7142857142857143,0.5,5.201496
CSW,0.8571428571428571,0.5,5.1287994
BKNG,0.42857142857142855,0.5,4.977096
DDS,0.5714285714285714,0.5,4.9755936
COLL,0.2857142857142857,0.5,4.929428
CTRN,0.42857142857142855,0.5,4.8770084
LMAT,0.42857142857142855,0.5,4.8321714
HCC,0.5,0.5,4.7961445
JBTM,0.42857142857142855,1.0,4.508828
GRNQ,0.2,0.5,4.459244
MPWR,0.8571428571428571,0.5,4.416814
AGYS,0.5714285714285714,0.5,4.3864355
RBA,0.5714285714285714,0.5,4.211688
WTFC,0.2857142857142857,0.5,3.9861922
LPLA,0.7142857142857143,0.5,3.9166937
OSW,0.6666666666666666,0.5,3.8750825
LYV,0.7142857142857143,0.5,3.8611827
DORM,0.14285714285714285,0.5,3.838004
AMZN,0.5714285714285714,0.5,3.7716684
KEY,0.2857142857142857,0.5,3.6776247
CWK,0.4,0.5,3.67657
IDT,0.2857142857142857,0.5,3.6656866
HLI,0.8571428571428571,0.5,3.6595764
SBRA,0.2857142857142857,1.0,3.626233
IMO,0.42857142857142855,0.5,3.593647
IBP,0.7142857142857143,0.5,3.510272
ARES,0.7142857142857143,0.5,3.268237
NVCR,0.7142857142857143,0.5,3.2302475
MNKD,0.42857142857142855,0.5,3.170683
CG,0.5714285714285714,1.0,3.1625872
NHC,0.42857142857142855,0.5,3.0327263
BDC,0.42857142857142855,0.5,2.9631672
BANC,0.2857142857142857,0.5,2.889514
TBCH,0.42857142857142855,0.5,2.8870068
EA,0.5714285714285714,0.5,2.714879
LAZ,0.2857142857142857,0.5,2.687234
AM,0.6666666666666666,1.0,2.5918188
WRB,0.42857142857142855,0.5,2.5882006
VCYT,0.42857142857142855,0.5,2.5160255
PNR,0.42857142857142855,0.5,2.3577995
TDG,0.5714285714285714,0.5,2.2918172
FBIO,0.2857142857142857,0.5,2.2539406
EQH,0.6,0.5,2.1904345
INCY,0.2857142857142857,0.5,1.9931974
CHWY,0.25,0.5,1.9120283
BURL,0.42857142857142855,0.5,1.8792505
FTNT,0.7142857142857143,0.5,1.8642483
OLLI,0.7142857142857143,0.5,1.8464212
TRMB,0.42857142857142855,0.5,1.75733
ALK,0.0,0.5,1.756197
TXRH,0.5714285714285714,0.5,1.4538021
L,0.2857142857142857,0.5,1.2267895
PGR,0.5714285714285714,0.5,1.0763435
SCHW,0.42857142857142855,0.5,1.0284672
MKL,0.2857142857142857,0.5,0.87297535
SSNC,0.5714285714285714,0.5,0.44916916
HMN,0.14285714285714285,0.5,0.44478226
RJF,0.42857142857142855,0.5,0.42691898
PLNT,0.5714285714285714,0.5,0.4154272
CPRI,0.42857142857142855,0.5,0.3801117
QCRH,0.42857142857142855,0.5,0.14453602
URI,0.8571428571428571,0.5,0.060266495
ESPR,0.2857142857142857,0.5,-0.03702545
HBAN,0.14285714285714285,0.5,-0.17908764
AIZ,0.42857142857142855,0.5,-0.20645237
ET,0.42857142857142855,0.5,-0.2578287
EVRG,0.42857142857142855,0.5,-0.38043213
SNX,0.5714285714285714,0.5,-0.39971447
GCMG,0.2,0.5,-0.4922266
DK,0.2857142857142857,0.5,-0.50717926
FSLR,0.5714285714285714,0.5,-0.5680971
ATEN,0.42857142857142855,0.5,-0.62254906
ADI,0.7142857142857143,0.5,-0.77466965
PLXS,0.2857142857142857,0.5,-0.8786173
FSS,0.8571428571428571,0.5,-0.9044466
ENB,0.42857142857142855,0.0,-0.94227123
MCRI,0.42857142857142855,0.5,-1.0507517
MAR,0.7142857142857143,0.5,-1.2314439
EXLS,0.5714285714285714,0.5,-1.2372084
CRUS,0.14285714285714285,0.5,-1.2401228
TGLS,0.5714285714285714,0.5,-1.2744751
ADEA,0.42857142857142855,0.5,-1.3162193
IDXX,0.8571428571428571,0.5,-1.3194637
AEO,0.5714285714285714,0.5,-1.4062843
MSGS,0.2857142857142857,0.0,-1.4289913
RMD,0.5714285714285714,0.5,-1.4320078
ORLY,0.42857142857142855,0.0,-1.460969
SFIX,0.3333333333333333,0.5,-1.5349855
REX,0.2857142857142857,0.5,-1.7088051
HQY,0.2857142857142857,0.5,-1.982193
APPF,0.8571428571428571,0.5,-2.0112305
CBOE,0.5714285714285714,0.5,-2.0561333
WHG,0.14285714285714285,0.5,-2.1755266
WTS,0.5714285714285714,0.5,-2.322793
NPO,0.5714285714285714,0.5,-2.3392677
KEX,0.42857142857142855,0.5,-2.346993
MYE,0.42857142857142855,0.5,-2.3783836
FIVE,0.5714285714285714,0.5,-2.3931274
RNR,0.42857142857142855,0.0,-2.4650393
CB,0.2857142857142857,0.0,-2.5838432
KR,0.42857142857142855,0.5,-2.7099662
SHAK,0.5714285714285714,0.5,-2.8177738
HUBB,0.5714285714285714,0.5,-3.1592722
CNP,0.42857142857142855,0.5,-3.1844788
WYNN,0.42857142857142855,0.5,-3.2661572
COST,0.8571428571428571,0.5,-3.3375196
VPG,0.42857142857142855,0.5,-3.4536343
HLF,0.2857142857142857,0.5,-3.5397797
OPRT,0.0,0.5,-3.5452356
NGVT,0.42857142857142855,0.5,-3.594036
AN,0.7142857142857143,0.5,-3.6024866
BKR,0.14285714285714285,0.0,-3.829276
CWEN,0.5714285714285714,0.5,-3.982644
LSAK,0.2857142857142857,0.5,-3.9887905
NXST,0.7142857142857143,0.5,-3.9985352
PODD,0.7142857142857143,0.0,-4.043174
NMIH,0.7142857142857143,0.0,-4.1061335
LYFT,0.25,0.5,-4.1076508
CCO,0.42857142857142855,0.5,-4.170027
FORM,0.5714285714285714,0.5,-4.2052326
EQT,0.42857142857142855,0.0,-4.2181664
DG,0.7142857142857143,0.5,-4.238106
NEU,0.42857142857142855,0.5,-4.2514715
LVS,0.42857142857142855,0.5,-4.270314
INGN,0.2857142857142857,0.5,-4.3734856
BJ,0.6,0.5,-4.3995976
UPWK,0.4,0.5,-4.40079
PKG,0.7142857142857143,0.5,-4.4366198
EPD,0.2857142857142857,0.5,-4.4389906
PPL,0.42857142857142855,0.0,-4.550111
PAGP,0.2857142857142857,0.0,-4.6646175
TRUP,0.42857142857142855,0.5,-4.6851015
RRR,0.42857142857142855,0.5,-4.8066463
GPI,0.7142857142857143,0.5,-4.849929
MCO,0.8571428571428571,0.0,-4.8834143
AHCO,0.2,0.5,-4.8942213
DOCU,0.4,0.5,-5.079302
PRLB,0.5714285714285714,0.5,-5.08753
PAA,0.42857142857142855,0.0,-5.3360405
BHR,0.0,0.5,-5.4078045
UBER,0.5,0.5,-5.4629507
KOPN,0.42857142857142855,0.5,-5.6497154
TMUS,0.42857142857142855,0.5,-5.6634274
MEC,0.5,0.5,-5.703967
ZUMZ,0.42857142857142855,0.5,-5.7110996
LEVI,0.0,0.5,-5.837631
CIVB,0.42857142857142855,0.0,-5.964255
GLRE,0.2857142857142857,0.0,-6.014489
DECK,0.7142857142857143,0.5,-6.0581093
GDOT,0.42857142857142855,0.5,-6.130665
PSTL,0.0,0.5,-6.1604443
WHWK,0.3333333333333333,0.5,-6.3129168
MSFT,0.8571428571428571,0.0,-6.3531036
INSW,0.5714285714285714,0.5,-6.420723
CPRX,0.5714285714285714,0.0,-6.582814
ULTA,0.42857142857142855,0.5,-6.6216755
ROST,0.5714285714285714,0.5,-6.64137
AFG,0.42857142857142855,0.0,-6.853718
NATH,0.2857142857142857,0.5,-6.9035053
STC,0.5714285714285714,0.0,-6.976056
BKE,0.5714285714285714,0.0,-7.096952
TW,0.75,0.5,-7.119605
BX,0.8571428571428571,0.5,-7.1418314
ROKU,0.5,0.5,-7.2132664
AZO,0.5714285714285714,0.0,-7.290142
LPX,0.5714285714285714,0.5,-7.313319
ASTE,0.14285714285714285,0.5,-7.315487
ALB,0.5714285714285714,0.5,-7.346306
ALTO,0.14285714285714285,0.5,-7.487587
CTAS,0.8571428571428571,0.0,-7.504243
MLM,0.42857142857142855,0.5,-7.5918436
GWW,0.7142857142857143,0.5,-7.6117935
VMC,0.5714285714285714,0.0,-7.6545534
XOMA,0.5714285714285714,0.5,-7.7636356
PANW,0.5714285714285714,0.5,-7.8626213
NSSC,0.7142857142857143,0.5,-7.8951473
RUN,0.2857142857142857,0.5,-7.9247284
DIS,0.42857142857142855,0.0,-7.967203
ASB,0.2857142857142857,0.0,-8.0171585
GAP,0.42857142857142855,0.0,-8.173901
ADSK,0.7142857142857143,0.5,-8.217007
NOW,0.7142857142857143,0.5,-8.378093
NTCT,0.14285714285714285,0.5,-8.412927
PEN,0.5714285714285714,0.5,-8.512703
DGX,0.42857142857142855,0.0,-8.520298
CTO,0.2857142857142857,0.0,-8.60421
SNA,0.42857142857142855,0.0,-8.623678
GNK,0.5714285714285714,0.5,-8.749535
HASI,0.42857142857142855,0.5,-8.804661
BHF,0.3333333333333333,0.5,-8.828932
MCS,0.2857142857142857,0.5,-8.867764
HLNE,0.8571428571428571,0.5,-8.910155
WSFS,0.14285714285714285,0.0,-8.946848
CFR,0.2857142857142857,0.5,-8.964345
ESNT,0.5714285714285714,0.5,-9.0123415
QCOM,0.42857142857142855,0.0,-9.032797
NOC,0.5714285714285714,0.5,-9.068316
DLR,0.5714285714285714,0.5,-9.127376
MELI,0.5714285714285714,0.0,-9.137517
EPRT,0.6,0.0,-9.199446
HESM,0.5,0.5,-9.24232
BRO,0.7142857142857143,0.5,-9.377736
GFF,0.5714285714285714,0.0,-9.55168
IRT,0.5714285714285714,0.5,-9.662547
DKL,0.42857142857142855,0.0,-9.749348
ADC,0.2857142857142857,0.0,-9.8651705
ZM,0.25,0.0,-9.90303
CPK,0.5714285714285714,0.0,-9.932465
KO,0.2857142857142857,0.0,-9.977769
CRON,0.16666666666666666,0.5,-10.09691
ZG,0.42857142857142855,0.5,-10.107698
MDT,0.2857142857142857,0.5,-10.177955
VCEL,0.5714285714285714,0.5,-10.41542
Z,0.42857142857142855,0.5,-10.490084
MUSA,0.8571428571428571,0.5,-10.548991
KE,0.2857142857142857,0.5,-10.619431
DTE,0.2857142857142857,0.0,-10.75095
GRBK,0.7142857142857143,0.0,-10.751652
FNF,0.5714285714285714,0.0,-10.776544
XYL,0.5714285714285714,0.5,-10.776942
PFS,0.2857142857142857,0.0,-10.833961
GOLD,0.42857142857142855,0.5,-10.866174
MTRX,0.2857142857142857,0.0,-10.867378
EVI,0.14285714285714285,0.5,-10.8943615
FDX,0.42857142857142855,0.0,-10.984295
TSCO,0.5714285714285714,0.0,-10.987609
SYK,0.7142857142857143,0.0,-11.024031
YUM,0.5714285714285714,0.0,-11.046529
DCOM,0.42857142857142855,0.0,-11.145842
KMT,0.14285714285714285,0.5,-11.215913
ADUS,0.5714285714285714,0.5,-11.361139
DRI,0.5714285714285714,0.0,-11.387438
OFIX,0.2857142857142857,0.5,-11.393645
KNSL,0.8571428571428571,0.5,-11.452949
ADT,0.3333333333333333,0.5,-11.543595
LECO,0.42857142857142855,0.5,-11.554497
PCAR,0.42857142857142855,0.0,-11.56534
LII,0.42857142857142855,0.5,-11.618844
DE,0.5714285714285714,0.0,-11.73321
SPH,0.14285714285714285,0.0,-11.776942
WCN,0.5714285714285714,0.0,-11.821306
PFG,0.42857142857142855,0.5,-11.943798
SCI,0.5714285714285714,0.0,-11.947369
GSHD,0.6,0.5,-11.983798
KFY,0.42857142857142855,0.0,-12.03531
BMI,0.8571428571428571,0.5,-12.041047
EPR,0.5714285714285714,0.5,-12.059631
CDNS,1.0,0.0,-12.149549
PTON,0.25,0.5,-12.175817
DNOW,0.2857142857142857,0.0,-12.195217
SIGA,0.5714285714285714,0.0,-12.303334
CWST,0.8571428571428571,0.0,-12.326622
YUMC,0.42857142857142855,0.0,-12.343014
PRU,0.2857142857142857,0.0,-12.361717
VVX,0.42857142857142855,0.0,-12.384307
ALV,0.14285714285714285,0.5,-12.391928
MPT,0.2857142857142857,0.5,-12.482193
GBX,0.5714285714285714,0.5,-12.509164
MMSI,0.5714285714285714,0.5,-12.611359
IIIV,0.2,0.0,-12.863016
BOX,0.42857142857142855,0.0,-12.864008
NTNX,0.5714285714285714,0.5,-12.906344
PHM,0.7142857142857143,0.0,-12.909847
VEEV,0.5714285714285714,0.0,-13.226784
LNG,0.5714285714285714,0.5,-13.255209
UCB,0.42857142857142855,0.0,-13.371384
KRG,0.42857142857142855,0.0,-13.417011
RRC,0.5714285714285714,0.0,-13.442636
ATRC,0.2857142857142857,0.5,-13.471761
RBB,0.3333333333333333,0.0,-13.506347
SKY,0.5714285714285714,0.0,-13.69062
HR,0.14285714285714285,0.0,-13.972218
PSN,0.5,0.5,-13.977181
GLP,0.7142857142857143,0.0,-14.146769
MTD,0.7142857142857143,0.0,-14.3059435
LOW,0.7142857142857143,0.0,-14.488035
CHSCL,0.2857142857142857,0.0,-14.584624
PINE,0.5,0.0,-14.992254
RUSHA,0.8571428571428571,0.0,-15.089088
SGU,0.14285714285714285,0.0,-15.093738
CEVA,0.2857142857142857,0.5,-15.171346
CRTO,0.2857142857142857,0.5,-15.289215
XHR,0.14285714285714285,0.0,-15.337079
CQP,0.2857142857142857,0.0,-15.345066
CELH,0.8571428571428571,0.5,-15.407593
CHSCM,0.2857142857142857,0.0,-15.4504
INVX,0.2857142857142857,0.5,-15.552689
CWCO,0.42857142857142855,0.5,-15.570244
RILY,0.42857142857142855,0.0,-15.596735
POST,0.2857142857142857,0.0,-15.606642
SBH,0.14285714285714285,0.5,-15.723589
BAND,0.5,0.0,-15.766126
RUSHB,0.7142857142857143,0.0,-15.790784
ADTN,0.42857142857142855,0.0,-15.80011
CRM,0.5714285714285714,0.5,-15.849676
INTU,0.8571428571428571,0.0,-15.906149
AYTU,0.0,0.5,-15.916815
UBSI,0.14285714285714285,0.0,-15.97777
HRI,0.7142857142857143,0.5,-15.992606
JOE,0.42857142857142855,0.5,-15.996531
WMS,0.7142857142857143,0.5,-16.025785
FRPT,0.7142857142857143,0.5,-16.036194
MATX,0.5714285714285714,0.0,-16.048859
PLUS,0.2857142857142857,0.5,-16.1991
USAC,0.5714285714285714,0.0,-16.26153
LH,0.5714285714285714,0.0,-16.26582
WHD,0.5,0.5,-16.319744
ALGT,0.14285714285714285,0.0,-16.330873
WKC,0.2857142857142857,0.0,-16.38504
SNDR,0.3333333333333333,0.0,-16.426117
HGV,0.2857142857142857,0.0,-16.493301
SHW,0.8571428571428571,0.0,-16.526365
NJR,0.2857142857142857,0.0,-16.565775
IDYA,0.75,0.5,-16.613894
LCII,0.42857142857142855,0.5,-16.658241
INGR,0.14285714285714285,0.5,-16.727947
JBLU,0.0,0.5,-16.811668
PUMP,0.2857142857142857,0.0,-16.871048
CVX,0.2857142857142857,0.0,-16.91351
SEDG,0.5714285714285714,0.5,-16.917461
TXN,0.5714285714285714,0.0,-16.923302
VRTX,0.7142857142857143,0.0,-16.932632
SNDX,0.42857142857142855,0.5,-16.951912
PLAB,0.7142857142857143,0.5,-16.987875
WTRG,0.42857142857142855,0.0,-17.036543
APAM,0.5714285714285714,0.0,-17.112255
BJRI,0.2857142857142857,0.0,-17.122925
O,0.2857142857142857,0.0,-17.124247
SONO,0.4,0.5,-17.149426
LZB,0.2857142857142857,0.0,-17.167013
JBGS,0.16666666666666666,0.0,-17.280941
PR,0.42857142857142855,0.0,-17.355259
SIBN,0.4,0.5,-17.379444
ZS,0.6666666666666666,0.5,-17.416908
KAI,0.5714285714285714,0.5,-17.435724
CPAY,0.5714285714285714,0.0,-17.438322
NVR,0.5714285714285714,0.0,-17.481098
EXP,0.42857142857142855,0.0,-17.489578
GNRC,0.7142857142857143,0.0,-17.50325
DBI,0.2857142857142857,0.5,-17.5443
CSL,0.5714285714285714,0.0,-17.593952
HXL,0.14285714285714285,0.5,-17.810514
LIN,1.0,0.0,-17.897762
CVEO,0.2857142857142857,0.0,-17.928589
ZBRA,0.5714285714285714,0.5,-18.100857
ONTO,0.75,0.0,-18.112312
RLI,0.5714285714285714,0.5,-18.137867
KSS,0.2857142857142857,0.5,-18.31228
MCD,0.42857142857142855,0.0,-18.358997
LAD,0.42857142857142855,0.0,-18.386208
PYPL,0.42857142857142855,0.5,-18.41449
MSCI,0.7142857142857143,0.0,-18.544144
PACK,0.5,0.5,-18.550661
MGY,0.5,0.0,-18.594301
MAT,0.42857142857142855,0.0,-18.619177
FAF,0.42857142857142855,0.0,-18.65081
WINA,0.5714285714285714,0.0,-18.65989
PAG,0.5714285714285714,0.0,-18.6949
WLKP,0.42857142857142855,0.0,-18.7733
PENG,0.16666666666666666,0.0,-18.803589
WOR,0.42857142857142855,0.5,-18.863424
PRS,0.2,0.0,-18.934761
FLGT,0.42857142857142855,0.5,-18.961271
ANDE,0.5714285714285714,0.5,-18.978672
IR,0.8333333333333334,0.0,-19.00027
SYY,0.42857142857142855,0.0,-19.02389
CAR,0.2857142857142857,0.5,-19.091648
WH,0.4,0.5,-19.226387
STAG,0.5714285714285714,0.0,-19.293337
OIS,0.14285714285714285,0.5,-19.371494
NXRT,0.5714285714285714,0.5,-19.425678
DRH,0.2857142857142857,0.0,-19.450844
AVT,0.14285714285714285,0.0,-19.456928
PSX,0.2857142857142857,0.0,-19.48027
SHOO,0.7142857142857143,0.0,-19.571686
SUN,0.5714285714285714,0.0,-19.577606
FELE,0.7142857142857143,0.0,-19.631268
PTC,0.7142857142857143,0.0,-19.684635
MIDD,0.2857142857142857,0.0,-19.701862
PG,0.42857142857142855,0.0,-19.727962
CTS,0.2857142857142857,0.0,-19.737686
TTEK,0.7142857142857143,0.0,-19.892565
ASUR,0.42857142857142855,0.0,-20.016697
ECVT,0.16666666666666666,0.5,-20.041416
STWD,0.42857142857142855,0.0,-20.180988
GLPI,0.5714285714285714,0.0,-20.37245
NXPI,0.5714285714285714,0.0,-20.395157
OTIS,0.75,0.0,-20.400599
DINO,0.5714285714285714,0.5,-20.401037
TEX,0.42857142857142855,0.5,-20.50815
TRNO,0.5714285714285714,0.0,-20.508226
OTTR,0.5714285714285714,0.0,-20.517483
FNKO,0.3333333333333333,0.5,-20.569492
LBRT,0.16666666666666666,0.0,-20.582855
RYZ,0.42857142857142855,0.5,-20.62083
XPEL,0.75,0.5,-20.678238
DBRG,0.2857142857142857,0.5,-20.700844
NFBK,0.2857142857142857,0.0,-20.849476
EQIX,0.42857142857142855,0.0,-20.947731
FANG,0.42857142857142855,0.0,-20.956161
BSM,0.2857142857142857,0.0,-20.982224
SUI,0.5714285714285714,0.0,-21.051472
MAS,0.5714285714285714,0.0,-21.306818
IQV,0.5714285714285714,0.0,-21.390026
PCTY,0.7142857142857143,0.0,-21.448349
CLNN,0.0,0.0,-21.570618
DPZ,0.42857142857142855,0.0,-21.641262
DHI,0.8571428571428571,0.0,-21.827225
KMPR,0.42857142857142855,0.5,-21.961014
IIIN,0.2857142857142857,0.5,-22.09939
VRRM,0.6666666666666666,0.0,-22.159143
IGC,0.14285714285714285,0.0,-22.195992
CASS,0.2857142857142857,0.0,-22.223602
ST,0.14285714285714285,0.5,-22.286776
INSE,0.5714285714285714,0.0,-22.29238
PGC,0.2857142857142857,0.0,-22.352638
CVI,0.42857142857142855,0.5,-22.39785
TTD,0.7142857142857143,0.5,-22.429192
AXTA,0.14285714285714285,0.0,-22.556358
DBX,0.6,0.0,-22.623379
ULH,0.2857142857142857,0.5,-22.720913
MSA,0.5714285714285714,0.0,-22.733578
ALKS,0.14285714285714285,0.0,-22.893715
BBY,0.5714285714285714,0.0,-22.94437
BRSP,0.3333333333333333,0.0,-23.027733
VICI,0.5,0.0,-23.15414
MHO,0.5714285714285714,0.0,-23.239243
APD,0.5714285714285714,0.0,-23.253557
DTW,0.2,0.0,-23.393372
ACTG,0.2857142857142857,0.0,-23.453512
AVY,0.7142857142857143,0.0,-23.516033
HUBG,0.42857142857142855,0.0,-23.518864
GPC,0.42857142857142855,0.0,-23.60534
KBH,0.5714285714285714,0.0,-23.748432
CMG,0.8571428571428571,0.5,-23.752502
JYNT,0.7142857142857143,0.0,-23.75328
LEA,0.14285714285714285,0.5,-23.795818
CTOS,0.3333333333333333,0.5,-23.876503
LNN,0.42857142857142855,0.0,-23.886522
BBCP,0.3333333333333333,0.0,-23.97415
MDXG,0.5714285714285714,0.0,-24.204704
PFE,0.42857142857142855,0.0,-24.28133
WING,1.0,0.0,-24.339836
RGEN,0.5714285714285714,0.0,-24.383814
AGCO,0.5714285714285714,0.0,-24.42347
PLX,0.42857142857142855,0.0,-24.46554
SNPS,1.0,0.0,-24.512535
CROX,0.8571428571428571,0.0,-24.533497
MSM,0.42857142857142855,0.0,-24.556784
MGRC,0.5714285714285714,0.0,-24.598095
EXTR,0.42857142857142855,0.0,-24.68269
PPLI,0.5714285714285714,0.0,-24.69008
KNX,0.5714285714285714,0.0,-24.695408
YETI,0.6,0.0,-24.710114
LXRX,0.0,0.5,-24.810772
EFX,0.42857142857142855,0.0,-24.816883
THO,0.5714285714285714,0.0,-24.925621
SBUX,0.5714285714285714,0.0,-24.92577
WK,0.5714285714285714,0.0,-24.935791
DEI,0.14285714285714285,0.5,-25.12054
ARW,0.14285714285714285,0.0,-25.161282
APTV,0.42857142857142855,0.5,-25.16964
STRA,0.42857142857142855,0.0,-25.248535
CHH,0.42857142857142855,0.0,-25.266605
BIO,0.7142857142857143,0.0,-25.27183
DOC,0.2857142857142857,0.0,-25.376814
FPI,0.5714285714285714,0.0,-25.382992
XYZ,0.42857142857142855,0.0,-25.442276
GIC,0.5714285714285714,0.5,-25.516243
VRNS,0.7142857142857143,0.0,-25.791466
TRC,0.2857142857142857,0.0,-25.83871
VMD,0.5,0.0,-25.916473
GTN,0.2857142857142857,0.5,-25.970304
LXU,0.2857142857142857,0.0,-25.972666
OTEX,0.42857142857142855,0.5,-26.055475
OVV,0.2857142857142857,0.0,-26.143593
AMRC,0.5714285714285714,0.0,-26.144936
CGNX,0.42857142857142855,0.0,-26.175741
PGNY,0.25,0.5,-26.20028
CNXN,0.5714285714285714,0.0,-26.21365
PSA,0.42857142857142855,0.0,-26.279118
MTW,0.42857142857142855,0.5,-26.312687
MTX,0.14285714285714285,0.0,-26.319725
ADM,0.42857142857142855,0.5,-26.357956
EOG,0.2857142857142857,0.0,-26.369217
DOMO,0.2,0.5,-27.019897
WSO,0.7142857142857143,0.0,-27.096973
UVV,0.42857142857142855,0.0,-27.138382
BC,0.42857142857142855,0.5,-27.150291
AMRN,0.42857142857142855,0.5,-27.155687
NVEC,0.42857142857142855,0.0,-27.233372
KLIC,0.7142857142857143,0.0,-27.328281
EGY,0.5714285714285714,0.0,-27.449444
AEHR,0.5714285714285714,0.5,-27.475529
TNDM,0.5714285714285714,0.5,-27.562916
CNR,0.5,0.0,-27.622269
CBT,0.42857142857142855,0.0,-27.633205
RVTY,0.5714285714285714,0.0,-27.820625
PKOH,0.14285714285714285,0.0,-27.905636
MORN,0.8571428571428571,0.0,-27.910282
SIGI,0.42857142857142855,0.0,-28.095097
RIOT,0.5714285714285714,0.5,-28.107273
REGN,0.5714285714285714,0.0,-28.182043
FCN,0.5714285714285714,0.0,-28.268848
URG,0.7142857142857143,0.0,-28.307102
EXR,0.2857142857142857,0.0,-28.309149
CMPR,0.2857142857142857,0.0,-28.34926
CHDN,0.8571428571428571,0.0,-28.384155
CLF,0.42857142857142855,0.5,-28.424093
DVN,0.2857142857142857,0.0,-28.481268
SITC,0.5714285714285714,0.0,-28.531113
AOS,0.42857142857142855,0.0,-28.557312
IEX,0.5714285714285714,0.0,-28.678146
CRSP,0.5714285714285714,0.5,-28.720592
JRVR,0.2857142857142857,0.5,-28.777184
CYTK,0.7142857142857143,0.5,-28.909616
MCFT,0.42857142857142855,0.0,-29.017586
CDXS,0.5714285714285714,0.5,-29.056858
QRVO,0.42857142857142855,0.5,-29.122713
CNNE,0.3333333333333333,0.0,-29.272633
ROP,0.7142857142857143,0.0,-29.31295
CALY,0.42857142857142855,0.5,-29.348122
SSD,0.7142857142857143,0.0,-29.369192
SON,0.2857142857142857,0.0,-29.582935
CXT,0.5714285714285714,0.0,-29.639482
NOV,0.14285714285714285,0.0,-29.713463
COP,0.42857142857142855,0.0,-30.065079
MCHP,0.5714285714285714,0.0,-30.138754
MITK,0.5714285714285714,0.0,-30.142708
DT,0.75,0.0,-30.460155
SWBI,0.42857142857142855,0.0,-30.550535
CENTA,0.42857142857142855,0.0,-30.625416
HP,0.14285714285714285,0.0,-30.635054
INN,0.14285714285714285,0.0,-30.6522
CACC,0.42857142857142855,0.0,-30.676128
CENT,0.42857142857142855,0.0,-30.730404
FUL,0.2857142857142857,0.0,-30.778748
APLE,0.14285714285714285,0.0,-30.860464
BHFAP,0.2,0.0,-30.877365
CNH,0.42857142857142855,0.0,-30.934288
BDX,0.42857142857142855,0.0,-31.024296
PII,0.42857142857142855,0.5,-31.034927
WDAY,0.5714285714285714,0.0,-31.067327
ALRM,0.5714285714285714,0.0,-31.219727
HTO,0.2857142857142857,0.0,-31.248425
TH,0.5,0.0,-31.257097
EMN,0.2857142857142857,0.0,-31.264874
LEGH,0.6,0.0,-31.27391
PAYC,0.5714285714285714,0.0,-31.452913
OPK,0.14285714285714285,0.0,-31.535603
VC,0.5714285714285714,0.0,-31.659378
DIN,0.42857142857142855,0.0,-31.811493
SAIA,0.7142857142857143,0.0,-31.836952
EXPO,0.7142857142857143,0.0,-32.076992
NAVI,0.2857142857142857,0.0,-32.102375
MUR,0.2857142857142857,0.0,-32.15713
ODFL,0.8571428571428571,0.0,-32.282223
RAMP,0.42857142857142855,0.0,-32.38391
CMTL,0.42857142857142855,0.5,-32.406673
CSGP,0.7142857142857143,0.0,-32.448315
TOON,0.0,0.5,-32.518265
SITE,0.7142857142857143,0.0,-32.5618
GBR,0.2857142857142857,0.0,-32.59376
KRUS,0.5,0.0,-32.626667
WST,0.7142857142857143,0.0,-32.68869
DCH,0.14285714285714285,0.0,-32.8044
UCTT,0.5714285714285714,0.0,-32.81289
HVT,0.2857142857142857,0.0,-32.878403
LSTR,0.5714285714285714,0.0,-32.917427
EEFT,0.2857142857142857,0.0,-33.036087
STAA,0.42857142857142855,0.0,-33.043606
BOC,0.3333333333333333,0.0,-33.155262
TALO,0.4,0.0,-33.366898
RYN,0.42857142857142855,0.0,-33.47386
REXR,0.5714285714285714,0.0,-33.503304
CHCT,0.42857142857142855,0.0,-33.6028
FOR,0.42857142857142855,0.0,-33.706547
HLIT,0.5714285714285714,0.0,-33.803673
CRNC,0.25,0.5,-33.836395
PRPL,0.2857142857142857,0.0,-33.915108
ELV,0.5714285714285714,0.0,-33.921818
MNRO,0.14285714285714285,0.0,-33.95439
COLM,0.42857142857142855,0.0,-34.124332
UFPI,0.7142857142857143,0.0,-34.18158
NSA,0.5714285714285714,0.0,-34.27449
RGR,0.42857142857142855,0.0,-34.283684
WEX,0.5714285714285714,0.0,-34.389046
RDNW,0.5714285714285714,0.0,-34.403545
MTDR,0.2857142857142857,0.0,-34.438614
XRN,0.5714285714285714,0.0,-34.468304
BILL,0.5,0.0,-34.51152
LAKE,0.42857142857142855,0.5,-34.53452
STGW,0.2857142857142857,0.0,-34.535683
DNLI,0.3333333333333333,0.0,-34.548756
VAC,0.2857142857142857,0.0,-34.64299
ENTG,0.7142857142857143,0.0,-34.704975
LEN,0.8571428571428571,0.0,-34.775105
EAF,0.0,0.0,-34.92452
BRBR,0.75,0.5,-34.976875
MTN,0.2857142857142857,0.0,-35.03653
VERU,0.7142857142857143,0.0,-35.31153
FRPH,0.2857142857142857,0.0,-35.541443
WERN,0.42857142857142855,0.0,-35.550125
EPM,0.42857142857142855,0.0,-35.589626
RLJ,0.0,0.0,-35.6407
NOVT,0.7142857142857143,0.0,-35.889053
DAR,0.7142857142857143,0.0,-35.96668
ZLAB,0.5,0.0,-35.999557
PEB,0.14285714285714285,0.0,-36.120167
MOS,0.42857142857142855,0.0,-36.133232
DEA,0.14285714285714285,0.0,-36.283897
WY,0.14285714285714285,0.0,-36.40301
EOLS,0.6666666666666666,0.0,-36.615913
UHAL,0.42857142857142855,0.0,-36.69581
EPAM,0.7142857142857143,0.0,-36.951862
KWR,0.42857142857142855,0.0,-36.95619
EVTC,0.2857142857142857,0.0,-36.976097
BAH,0.5714285714285714,0.0,-36.98195
ETSY,0.42857142857142855,0.0,-36.989674
JBSS,0.42857142857142855,0.0,-37.149426
ROG,0.42857142857142855,0.0,-37.20778
ESTC,0.4,0.0,-37.237633
UPS,0.42857142857142855,0.0,-37.26928
QLYS,0.7142857142857143,0.0,-37.42742
ERII,0.5714285714285714,0.0,-37.57022
LAND,0.42857142857142855,0.0,-37.60537
KPLT,0.25,0.0,-37.640694
GPK,0.42857142857142855,0.0,-37.71543
UTMD,0.2857142857142857,0.0,-37.72819
OXY,0.2857142857142857,0.0,-37.80636
PBF,0.42857142857142855,0.0,-38.160862
HURC,0.2857142857142857,0.0,-38.222153
FBIN,0.5714285714285714,0.0,-38.26951
IPGP,0.2857142857142857,0.0,-38.42015
CCS,0.7142857142857143,0.0,-38.541977
XNCR,0.2857142857142857,0.0,-38.577797
NOG,0.42857142857142855,0.0,-38.64508
ASLE,0.4,0.0,-38.8275
ON,0.8571428571428571,0.0,-39.21986
COHU,0.5714285714285714,0.0,-39.23784
IEP,0.2857142857142857,0.0,-39.25698
PINS,0.5,0.0,-39.423386
NVAX,0.2857142857142857,0.0,-39.595947
HTLD,0.14285714285714285,0.0,-39.681976
ATEX,0.42857142857142855,0.0,-39.86364
GT,0.2857142857142857,0.0,-40.07418
IPAR,0.7142857142857143,0.0,-40.473763
VSH,0.2857142857142857,0.0,-40.501507
ASIX,0.42857142857142855,0.0,-40.539703
UNH,0.7142857142857143,0.0,-40.647125
ZTS,0.8571428571428571,0.0,-40.743683
BRKR,0.5714285714285714,0.0,-40.888206
DXC,0.14285714285714285,0.0,-40.952347
MKTX,0.5714285714285714,0.0,-40.974716
FIZZ,0.42857142857142855,0.0,-41.17283
YELP,0.14285714285714285,0.0,-41.177864
JILL,0.2857142857142857,0.0,-41.209007
HZO,0.2857142857142857,0.0,-41.259274
CDW,0.8571428571428571,0.0,-41.25946
TWI,0.42857142857142855,0.0,-41.294277
OTLK,0.14285714285714285,0.0,-41.30999
NKE,0.5714285714285714,0.0,-41.42501
HDSN,0.42857142857142855,0.5,-41.533905
NBR,0.42857142857142855,0.0,-41.64596
GPRO,0.14285714285714285,0.5,-41.772583
AHRT,0.42857142857142855,0.0,-41.873734
RMR,0.2857142857142857,0.0,-42.04317
GPN,0.5714285714285714,0.0,-42.34504
BLDR,0.7142857142857143,0.0,-42.352592
POOL,0.8571428571428571,0.0,-42.392433
ASTH,0.42857142857142855,0.0,-42.621925
OLED,0.42857142857142855,0.0,-42.733734
ACRE,0.42857142857142855,0.0,-42.836674
DIOD,0.5714285714285714,0.0,-42.847916
TITN,0.5714285714285714,0.0,-42.860653
NWL,0.14285714285714285,0.0,-43.024685
HUM,0.5714285714285714,0.0,-43.11225
SAFE,0.2857142857142857,0.0,-43.112442
WD,0.7142857142857143,0.0,-43.14505
DHX,0.42857142857142855,0.0,-43.343567
VYX,0.14285714285714285,0.0,-43.366066
UAA,0.14285714285714285,0.0,-43.42431
UA,0.14285714285714285,0.0,-43.510136
BMRN,0.14285714285714285,0.0,-43.58962
CHRD,0.5714285714285714,0.0,-43.61833
HOG,0.14285714285714285,0.0,-43.66309
PD,0.25,0.0,-43.73104
ADBE,0.7142857142857143,0.0,-43.787907
REI,0.2857142857142857,0.0,-43.831184
LEG,0.2857142857142857,0.0,-44.245846
KMX,0.42857142857142855,0.0,-44.363625
CTSO,0.2857142857142857,0.0,-44.547543
WGO,0.42857142857142855,0.0,-44.731167
BXC,0.7142857142857143,0.0,-44.906708
ICHR,0.42857142857142855,0.0,-44.926083
SAM,0.42857142857142855,0.0,-45.222122
ARKO,0.25,0.0,-45.223473
PENN,0.42857142857142855,0.0,-45.27874
FLNT,0.2857142857142857,0.0,-45.289436
FND,0.6666666666666666,0.0,-45.31433
VIR,0.5,0.0,-45.408234
UFI,0.14285714285714285,0.0,-45.500755
KRO,0.2857142857142857,0.0,-45.507397
ALGN,0.5714285714285714,0.0,-45.583294
MRTN,0.5714285714285714,0.0,-45.623055
GRWG,0.3333333333333333,0.0,-45.804764
SENS,0.2857142857142857,0.0,-45.927258
ELF,0.7142857142857143,0.0,-45.937634
TRNS,0.7142857142857143,0.0,-45.980995
LOVE,0.4,0.0,-46.037487
IIPR,0.7142857142857143,0.0,-46.104584
PVH,0.2857142857142857,0.0,-46.322342
WLK,0.5714285714285714,0.0,-46.621605
TENB,0.2,0.0,-46.828743
SM,0.2857142857142857,0.0,-46.91626
ORGO,0.42857142857142855,0.0,-47.157936
SPSC,0.7142857142857143,0.0,-47.505497
KIDS,0.5,0.0,-47.86043
SCL,0.2857142857142857,0.0,-47.92253
MCRB,0.14285714285714285,0.0,-47.992477
CHTR,0.2857142857142857,0.0,-48.14687
MBUU,0.42857142857142855,0.0,-48.1642
CNC,0.5714285714285714,0.0,-48.37181
GNE,0.42857142857142855,0.0,-48.442375
LYB,0.2857142857142857,0.0,-48.45533
AVTR,0.5,0.0,-48.463173
HOFT,0.42857142857142855,0.0,-48.532448
WTI,0.42857142857142855,0.0,-48.8062
PALI,0.0,0.5,-49.144363
EFOR,0.42857142857142855,0.0,-49.176094
NX,0.42857142857142855,0.0,-49.230667
ZD,0.2857142857142857,0.0,-49.350807
KFRC,0.42857142857142855,0.0,-49.36332
OPTU,0.3333333333333333,0.0,-49.450096
TNET,0.7142857142857143,0.0,-49.610992
HY,0.2857142857142857,0.0,-49.708183
WEN,0.5714285714285714,0.0,-49.827583
SRPT,0.5714285714285714,0.5,-49.938145
AZTA,0.7142857142857143,0.0,-50.0212
RARE,0.14285714285714285,0.0,-50.184372
CZR,0.7142857142857143,0.0,-50.941135
TXG,0.5,0.0,-51.106277
CATO,0.42857142857142855,0.0,-51.43342
NSIT,0.7142857142857143,0.0,-51.49926
KYNB,0.2857142857142857,0.0,-51.619606
CLW,0.2857142857142857,0.0,-51.637123
SGRY,0.42857142857142855,0.0,-52.04946
ENOV,0.14285714285714285,0.0,-52.157127
NDLS,0.42857142857142855,0.5,-52.30491
DARE,0.2857142857142857,0.0,-52.316544
GOGO,0.5714285714285714,0.0,-52.324627
MOH,0.7142857142857143,0.0,-52.421867
CRI,0.2857142857142857,0.0,-52.554802
FC,0.5714285714285714,0.0,-52.598976
BGS,0.14285714285714285,0.0,-52.645325
RPAY,0.4,0.0,-52.710304
SIRI,0.42857142857142855,0.0,-52.85096
POWI,0.2857142857142857,0.0,-53.0493
INDI,0.5,0.0,-53.160133
GPRE,0.2857142857142857,0.0,-53.241253
TREX,0.8571428571428571,0.0,-53.33531
CCOI,0.5714285714285714,0.0,-53.576565
SSTK,0.2857142857142857,0.0,-53.85628
FLL,0.5714285714285714,0.0,-53.940765
KPTI,0.14285714285714285,0.0,-54.07183
OFLX,0.42857142857142855,0.0,-54.08146
BOOM,0.2857142857142857,0.0,-55.01712
IRDM,0.42857142857142855,0.0,-55.157356
AMPH,0.42857142857142855,0.0,-55.16884
WSC,0.7142857142857143,0.0,-55.442528
LULU,0.7142857142857143,0.0,-56.05706
HPK,0.4,0.0,-56.29112
ATKR,0.5714285714285714,0.0,-56.31432
PLUG,0.42857142857142855,0.0,-56.32187
CYCN,0.0,0.0,-56.49825
FWRD,0.42857142857142855,0.0,-56.64891
TUSK,0.42857142857142855,0.0,-56.822243
ASTC,0.14285714285714285,0.0,-57.29136
SLP,0.5714285714285714,0.0,-57.80738
OLN,0.5714285714285714,0.0,-57.942062
AVD,0.14285714285714285,0.0,-58.19905
OXM,0.42857142857142855,0.0,-58.213776
ALTG,0.5,0.0,-58.449196
RHI,0.2857142857142857,0.0,-58.579063
RGP,0.2857142857142857,0.0,-58.940742
CNMD,0.2857142857142857,0.0,-59.925533
XIFR,0.5714285714285714,0.0,-61.10269
RCEL,0.42857142857142855,0.0,-61.183933
XWEL,0.14285714285714285,0.0,-61.202877
NSP,0.5714285714285714,0.0,-61.505318
GO,0.5,0.0,-62.1438
NEOG,0.42857142857142855,0.0,-62.6998
LOOP,0.3333333333333333,0.0,-62.987926
SSTI,0.5,0.0,-62.988586
LGIH,0.7142857142857143,0.0,-63.01576
ONEW,0.5,0.0,-63.989273
BBBY,0.42857142857142855,0.0,-64.01458
IRWD,0.2857142857142857,0.0,-65.0361
SPWH,0.2857142857142857,0.0,-65.72384
OSUR,0.42857142857142855,0.0,-65.818855
CNTY,0.14285714285714285,0.0,-67.355934
CE,0.5714285714285714,0.0,-68.01341
PXLW,0.2857142857142857,0.0,-68.10899
SVC,0.14285714285714285,0.0,-68.15082
MRNA,0.4,0.0,-68.21202
VTGN,0.42857142857142855,0.0,-68.307755
MGNX,0.2857142857142857,0.0,-69.22114
AMC,0.0,0.0,-69.82662
MERC,0.2857142857142857,0.0,-69.92204
FIVN,0.5714285714285714,0.0,-70.269
FOXF,0.5714285714285714,0.0,-70.4349
COTY,0.42857142857142855,0.0,-70.872284
ASPN,0.5714285714285714,0.0,-71.42465
GTEC,0.4,0.0,-71.84363
CABO,0.42857142857142855,0.0,-72.5112
LPRO,0.2,0.0,-72.77518
ENPH,0.7142857142857143,0.0,-73.1768
DXLG,0.42857142857142855,0.0,-73.50835
AMN,0.5714285714285714,0.0,-74.25719
ARCT,0.42857142857142855,0.0,-74.30494
OEC,0.5714285714285714,0.0,-74.8537
LITS,0.42857142857142855,0.0,-75.45092
SPT,0.5,0.0,-77.32863
MED,0.42857142857142855,0.0,-78.36977
AGIG,0.2857142857142857,0.0,-78.48624
PLCE,0.2857142857142857,0.0,-79.9575
PHIO,0.0,0.0,-81.18057
KLXE,0.2,0.0,-81.97519
CODX,0.16666666666666666,0.0,-83.7033
KOS,0.42857142857142855,0.0,-84.15936
JELD,0.42857142857142855,0.0,-84.51282
RKDA,0.14285714285714285,0.0,-85.4967
CDLX,0.5,0.0,-85.540924
CHGG,0.5714285714285714,0.0,-86.952286
OPTT,0.14285714285714285,0.0,-88.306046
SNGX,0.14285714285714285,0.0,-89.08357
SPCE,0.3333333333333333,0.0,-89.11149
SMSI,0.42857142857142855,0.0,-93.8745
LFWD,0.0,0.0,-94.9659
PTN,0.2857142857142857,0.0,-96.83283
NFE,0.4,0.0,-97.6387
HYPD,0.3333333333333333,0.0,-99.47511
SLE,0.2,0.0,-101.76434
BNGO,0.2,0.0,-109.64532
QCLS,0.2857142857142857,0.0,-112.39772
