timestamp,module_id,cell_voltage_v,cell_temperature_c,module_current_a,module_power_kw,converter_command_pct,soc_pct,soh_pct,anomaly_score_pct,diagnostic_flag,latency_ms
2025-05-16 08:00:00,Module_A,3.694,24.78,19.61,1.159,11.08,80.0,95.08,2.35,False,125.3
2025-05-16 08:05:00,Module_A,3.68,25.21,20.75,1.222,14.09,79.98,94.94,4.84,False,129.0
2025-05-16 08:10:00,Module_A,3.692,24.92,21.64,1.279,14.71,79.67,94.95,4.08,False,117.9
2025-05-16 08:15:00,Module_A,3.671,24.83,23.1,1.357,8.35,79.73,94.73,1.21,False,129.3
2025-05-16 08:20:00,Module_A,3.67,25.03,23.03,1.353,11.39,79.94,95.12,1.1,False,104.1
2025-05-16 08:25:00,Module_A,3.674,25.35,24.14,1.419,12.82,79.84,94.84,1.78,False,113.9
2025-05-16 08:30:00,Module_A,3.715,25.06,23.85,1.417,11.43,79.64,94.92,2.89,False,120.5
2025-05-16 08:35:00,Module_A,3.704,25.29,24.86,1.474,15.26,79.87,94.91,1.06,False,123.7
2025-05-16 08:40:00,Module_A,3.694,25.19,24.97,1.476,10.8,79.43,94.9,3.08,False,109.8
2025-05-16 08:45:00,Module_A,3.681,25.65,25.12,1.479,14.49,79.43,94.81,0.29,False,120.3
2025-05-16 08:50:00,Module_A,3.684,25.69,25.18,1.484,13.99,79.34,94.65,11.18,False,120.8
2025-05-16 08:55:00,Module_A,3.704,25.77,24.36,1.444,7.67,79.69,94.89,2.46,False,122.8
2025-05-16 09:00:00,Module_A,3.725,25.64,23.71,1.413,11.41,79.52,94.76,6.36,False,132.8
2025-05-16 09:05:00,Module_A,3.661,25.93,22.85,1.339,8.63,79.16,94.79,0.68,False,126.9
2025-05-16 09:10:00,Module_A,3.703,25.58,22.09,1.309,9.56,79.49,94.82,7.8,False,123.9
2025-05-16 09:15:00,Module_A,3.71,25.53,19.87,1.179,10.95,79.2,94.56,0.62,False,112.8
2025-05-16 09:20:00,Module_A,3.709,25.84,21.02,1.247,9.79,79.4,94.71,5.61,False,118.0
2025-05-16 09:25:00,Module_A,3.706,25.95,18.31,1.086,11.26,79.17,94.68,13.87,False,129.9
2025-05-16 09:30:00,Module_A,3.713,25.94,17.62,1.047,9.2,79.18,94.52,32.93,False,143.8
2025-05-16 09:35:00,Module_A,3.715,26.18,17.12,1.017,6.73,79.05,94.7,1.45,False,116.0
2025-05-16 09:40:00,Module_A,3.687,25.88,16.67,0.983,5.54,78.96,94.59,3.91,False,103.6
2025-05-16 09:45:00,Module_A,3.687,25.87,15.33,0.904,13.51,78.7,94.55,3.38,False,118.9
2025-05-16 09:50:00,Module_A,3.69,25.76,14.72,0.869,6.1,79.04,94.6,25.55,False,130.8
2025-05-16 09:55:00,Module_A,3.716,26.2,14.91,0.886,7.1,78.81,94.67,7.8,False,109.5
2025-05-16 10:00:00,Module_A,3.703,25.86,15.67,0.929,5.47,78.81,94.65,16.48,False,121.6
2025-05-16 10:05:00,Module_A,3.7,25.85,17.0,1.006,12.0,78.71,94.56,0.32,False,107.1
2025-05-16 10:10:00,Module_A,3.688,26.0,16.39,0.967,7.08,78.44,94.54,0.51,False,129.0
2025-05-16 10:15:00,Module_A,3.708,26.36,16.08,0.954,6.24,78.73,94.46,9.25,False,124.7
2025-05-16 10:20:00,Module_A,3.707,26.03,16.81,0.997,10.01,78.62,94.27,1.68,False,110.6
2025-05-16 10:25:00,Module_A,3.711,26.09,17.85,1.06,11.25,78.42,94.51,3.69,False,126.1
2025-05-16 10:30:00,Module_A,3.712,26.47,18.81,1.117,9.2,78.55,94.3,6.3,False,124.1
2025-05-16 10:35:00,Module_A,3.688,26.42,20.04,1.183,8.09,78.59,94.56,3.82,False,130.7
2025-05-16 10:40:00,Module_A,3.698,26.64,20.3,1.201,10.55,78.38,94.27,3.61,False,153.1
2025-05-16 10:45:00,Module_A,3.675,26.54,20.61,1.212,11.01,78.35,94.16,8.68,False,118.7
2025-05-16 10:50:00,Module_A,3.739,26.41,22.83,1.366,8.3,77.97,94.28,0.51,False,123.5
2025-05-16 10:55:00,Module_A,3.701,26.7,23.72,1.405,9.54,78.37,94.31,1.78,False,118.2
2025-05-16 11:00:00,Module_A,3.725,26.67,24.15,1.44,9.91,77.96,94.2,0.84,False,113.1
2025-05-16 11:05:00,Module_A,3.667,26.91,24.74,1.452,11.61,77.66,94.19,4.85,False,98.1
2025-05-16 11:10:00,Module_A,3.729,26.75,24.34,1.452,14.71,78.05,94.25,1.99,False,119.8
2025-05-16 11:15:00,Module_A,3.702,27.04,25.47,1.509,14.02,78.15,94.21,3.38,False,110.5
2025-05-16 11:20:00,Module_A,3.696,26.93,24.43,1.445,14.39,78.11,94.33,8.41,False,112.3
2025-05-16 11:25:00,Module_A,3.726,26.79,24.78,1.477,11.22,77.92,94.19,2.74,False,122.2
2025-05-16 11:30:00,Module_A,3.69,27.17,23.83,1.407,8.75,78.18,94.07,1.66,False,111.0
2025-05-16 11:35:00,Module_A,3.684,27.09,24.26,1.43,10.97,77.71,94.1,0.76,False,121.8
2025-05-16 11:40:00,Module_A,3.648,27.05,24.06,1.404,10.62,77.54,94.37,7.26,False,132.3
2025-05-16 11:45:00,Module_A,3.73,27.56,21.87,1.305,9.96,77.73,94.02,1.07,False,122.3
2025-05-16 11:50:00,Module_A,3.683,27.51,21.29,1.255,13.69,77.55,94.15,7.94,False,138.3
2025-05-16 11:55:00,Module_A,3.704,27.11,19.96,1.183,7.35,77.75,94.06,4.52,False,106.1
2025-05-16 12:00:00,Module_A,3.716,27.16,19.81,1.178,12.08,77.81,94.21,3.97,False,114.5
2025-05-16 12:05:00,Module_A,3.721,27.6,18.09,1.077,9.85,77.53,94.01,0.46,False,122.3
2025-05-16 12:10:00,Module_A,3.699,27.3,17.45,1.033,11.0,77.74,93.93,6.9,False,129.0
2025-05-16 12:15:00,Module_A,3.699,27.59,16.63,0.984,6.79,77.4,93.95,0.08,False,115.1
2025-05-16 12:20:00,Module_A,3.7,27.74,15.75,0.933,5.7,77.41,93.95,2.92,False,118.3
2025-05-16 12:25:00,Module_A,3.675,27.6,14.74,0.867,9.75,77.5,93.7,6.39,False,119.9
2025-05-16 12:30:00,Module_A,3.757,27.56,15.07,0.906,6.91,77.45,93.77,1.04,False,140.0
2025-05-16 12:35:00,Module_A,3.69,27.71,16.1,0.951,10.89,77.19,93.86,1.82,False,117.0
2025-05-16 12:40:00,Module_A,3.716,28.09,14.2,0.844,7.47,77.32,93.99,7.65,False,117.0
2025-05-16 12:45:00,Module_A,3.718,27.62,15.87,0.944,5.29,77.08,93.7,1.98,False,126.2
2025-05-16 12:50:00,Module_A,3.71,27.97,15.86,0.941,7.98,76.87,93.8,3.63,False,121.2
2025-05-16 12:55:00,Module_A,3.724,27.99,16.68,0.994,5.32,76.73,93.73,7.44,False,117.9
2025-05-16 13:00:00,Module_A,3.699,28.16,17.61,1.042,8.36,76.83,93.78,2.14,False,113.1
2025-05-16 13:05:00,Module_A,3.718,27.76,17.98,1.07,7.64,77.13,93.82,12.77,False,101.4
2025-05-16 13:10:00,Module_A,3.718,28.03,19.55,1.163,9.57,76.51,93.67,5.2,False,122.7
2025-05-16 13:15:00,Module_A,3.696,28.22,20.6,1.218,9.6,76.87,93.86,4.53,False,132.6
2025-05-16 13:20:00,Module_A,3.658,28.19,20.89,1.223,11.76,76.87,93.61,9.77,False,109.0
2025-05-16 13:25:00,Module_A,3.699,28.17,21.84,1.293,10.45,76.8,93.6,1.12,False,106.7
2025-05-16 13:30:00,Module_A,3.728,28.31,23.0,1.372,11.67,76.7,93.64,11.48,False,107.3
2025-05-16 13:35:00,Module_A,3.733,28.33,23.99,1.433,11.13,76.68,93.57,6.12,False,107.3
2025-05-16 13:40:00,Module_A,3.681,28.16,24.38,1.436,11.37,76.61,93.54,2.56,False,119.6
2025-05-16 13:45:00,Module_A,3.684,28.1,24.39,1.438,11.04,76.6,93.58,1.93,False,120.6
2025-05-16 13:50:00,Module_A,3.723,28.48,25.21,1.502,16.4,76.15,93.76,2.79,False,132.6
2025-05-16 13:55:00,Module_A,3.684,29.0,25.25,1.488,13.23,76.27,93.35,8.43,False,118.3
2025-05-16 14:00:00,Module_A,3.725,28.3,24.85,1.481,13.81,76.76,93.6,13.32,False,131.7
2025-05-16 14:05:00,Module_A,3.706,28.4,23.59,1.399,13.12,76.47,93.37,0.89,False,122.4
2025-05-16 14:10:00,Module_A,3.686,28.84,23.39,1.379,12.1,76.45,93.36,12.65,False,145.6
2025-05-16 14:15:00,Module_A,3.702,28.79,24.28,1.438,14.21,76.4,93.62,3.75,False,125.5
2025-05-16 14:20:00,Module_A,3.688,28.96,22.64,1.336,11.07,75.89,93.56,0.15,False,123.3
2025-05-16 14:25:00,Module_A,3.664,29.02,21.58,1.265,14.61,76.34,93.51,3.63,False,121.3
2025-05-16 14:30:00,Module_A,3.705,29.11,20.43,1.211,11.58,76.19,93.38,1.36,False,135.7
2025-05-16 14:35:00,Module_A,3.652,29.17,19.27,1.126,8.68,76.15,93.28,0.27,False,110.9
2025-05-16 14:40:00,Module_A,3.688,29.0,18.31,1.081,4.17,75.82,93.31,1.76,False,122.7
2025-05-16 14:45:00,Module_A,3.687,28.63,17.73,1.046,9.9,75.78,93.35,6.38,False,114.6
2025-05-16 14:50:00,Module_A,3.733,28.91,17.5,1.045,5.27,75.92,93.39,5.34,False,116.9
2025-05-16 14:55:00,Module_A,3.685,28.66,16.28,0.96,7.83,75.78,93.48,1.68,False,126.2
2025-05-16 15:00:00,Module_A,3.69,29.19,16.7,0.986,6.02,75.52,93.1,3.65,False,111.2
2025-05-16 15:05:00,Module_A,3.661,29.28,15.04,0.881,8.66,75.92,93.3,1.84,False,124.8
2025-05-16 15:10:00,Module_A,3.679,29.37,15.09,0.888,12.33,75.66,93.3,6.07,False,106.3
2025-05-16 15:15:00,Module_A,3.685,29.24,15.23,0.898,7.59,76.09,93.31,0.11,False,130.6
2025-05-16 15:20:00,Module_A,3.722,29.08,15.5,0.923,6.84,75.51,93.31,9.82,False,99.7
2025-05-16 15:25:00,Module_A,3.706,29.45,16.09,0.954,6.32,75.38,93.15,4.86,False,117.4
2025-05-16 15:30:00,Module_A,3.696,29.64,16.13,0.954,8.18,75.66,93.29,7.3,False,113.2
2025-05-16 15:35:00,Module_A,3.728,29.57,17.51,1.045,10.9,75.86,93.2,3.87,False,119.5
2025-05-16 15:40:00,Module_A,3.696,29.63,17.78,1.051,7.41,75.11,93.15,0.12,False,111.9
2025-05-16 15:45:00,Module_A,3.707,29.4,18.78,1.114,8.08,75.17,93.11,0.92,False,117.4
2025-05-16 15:50:00,Module_A,3.665,30.09,18.96,1.112,9.96,75.11,93.04,9.12,False,116.2
2025-05-16 15:55:00,Module_A,3.702,29.73,21.01,1.245,15.14,75.55,93.09,4.57,False,122.8
2025-05-16 16:00:00,Module_A,3.683,30.08,21.72,1.28,7.67,74.99,93.12,13.66,False,119.9
2025-05-16 16:05:00,Module_A,3.676,30.22,22.59,1.329,10.47,75.09,92.84,0.34,False,130.2
2025-05-16 16:10:00,Module_A,3.663,29.96,23.34,1.368,10.51,75.23,92.9,8.01,False,131.4
2025-05-16 16:15:00,Module_A,3.676,29.74,23.19,1.364,13.67,74.9,92.97,8.21,False,123.1
2025-05-16 16:20:00,Module_A,3.728,30.17,25.29,1.509,11.99,74.96,92.9,2.83,False,126.0
2025-05-16 16:25:00,Module_A,3.667,30.28,24.87,1.459,9.42,75.38,92.98,7.06,False,106.1
2025-05-16 16:30:00,Module_A,3.703,30.03,24.44,1.448,12.81,75.07,93.04,7.52,False,138.5
2025-05-16 16:35:00,Module_A,3.666,30.25,24.3,1.425,16.09,74.98,92.98,3.46,False,95.3
2025-05-16 16:40:00,Module_A,3.691,30.43,23.92,1.412,9.63,74.8,93.07,15.34,False,122.6
2025-05-16 16:45:00,Module_A,3.693,29.83,24.26,1.434,14.52,74.58,92.8,6.03,False,123.8
2025-05-16 16:50:00,Module_A,3.715,30.54,24.0,1.426,10.12,74.72,92.69,3.43,False,120.5
2025-05-16 16:55:00,Module_A,3.719,30.75,23.21,1.381,11.73,74.89,92.85,1.66,False,106.7
2025-05-16 17:00:00,Module_A,3.695,30.12,22.36,1.322,13.01,74.78,92.95,4.16,False,127.5
2025-05-16 17:05:00,Module_A,3.655,30.33,20.5,1.199,11.12,74.35,92.83,1.07,False,116.2
2025-05-16 17:10:00,Module_A,3.706,30.38,20.32,1.205,11.38,74.43,92.71,4.65,False,119.8
2025-05-16 17:15:00,Module_A,3.67,30.59,18.88,1.108,10.01,73.74,92.61,2.63,False,118.9
2025-05-16 17:20:00,Module_A,3.71,30.65,17.68,1.049,3.76,74.51,92.69,4.77,False,109.9
2025-05-16 17:25:00,Module_A,3.697,30.75,16.91,1.0,5.03,74.57,92.7,3.07,False,132.4
2025-05-16 17:30:00,Module_A,3.67,30.52,16.82,0.988,8.4,74.37,92.75,1.61,False,115.5
2025-05-16 17:35:00,Module_A,3.698,30.45,16.15,0.956,5.58,74.19,92.6,11.49,False,108.8
2025-05-16 17:40:00,Module_A,3.726,30.81,15.31,0.913,5.99,74.6,92.66,0.66,False,142.4
2025-05-16 17:45:00,Module_A,3.682,30.73,15.13,0.891,6.66,73.91,92.74,39.0,False,113.1
2025-05-16 17:50:00,Module_A,3.684,30.68,14.97,0.883,9.67,74.28,92.48,14.27,False,104.8
2025-05-16 17:55:00,Module_A,3.751,31.28,14.8,0.888,8.19,73.92,92.67,15.63,False,116.8
2025-05-16 18:00:00,Module_A,3.718,31.15,15.8,0.94,9.19,74.11,92.73,2.21,False,132.8
2025-05-16 18:05:00,Module_A,3.705,30.69,16.01,0.949,13.07,74.05,92.56,1.64,False,106.3
2025-05-16 18:10:00,Module_A,3.71,31.06,17.11,1.016,4.44,73.8,92.69,2.11,False,128.2
2025-05-16 18:15:00,Module_A,3.687,31.4,17.51,1.033,8.54,73.81,92.7,2.27,False,117.3
2025-05-16 18:20:00,Module_A,3.732,31.23,17.53,1.047,8.58,73.87,92.44,0.48,False,115.0
2025-05-16 18:25:00,Module_A,3.703,31.17,18.51,1.096,9.49,73.46,92.42,5.66,False,108.0
2025-05-16 18:30:00,Module_A,3.721,31.17,20.57,1.225,9.18,73.53,92.52,1.7,False,122.2
2025-05-16 18:35:00,Module_A,3.713,31.34,21.34,1.268,9.63,73.94,92.64,4.34,False,115.1
2025-05-16 18:40:00,Module_A,3.697,31.21,22.03,1.303,7.84,73.7,92.48,0.79,False,103.7
2025-05-16 18:45:00,Module_A,3.707,31.65,22.8,1.352,8.88,73.6,92.38,0.36,False,124.0
2025-05-16 18:50:00,Module_A,3.722,31.24,24.38,1.452,12.7,73.6,92.55,3.27,False,135.4
2025-05-16 18:55:00,Module_A,3.666,31.57,24.31,1.426,12.89,73.42,92.24,0.08,False,115.7
2025-05-16 19:00:00,Module_A,3.701,31.96,25.13,1.488,8.74,73.25,92.46,3.37,False,113.0
2025-05-16 19:05:00,Module_A,3.692,31.55,24.75,1.462,10.6,73.64,92.43,8.08,False,120.5
2025-05-16 19:10:00,Module_A,3.695,31.6,24.6,1.454,7.38,73.64,92.15,3.49,False,125.1
2025-05-16 19:15:00,Module_A,3.705,31.84,24.91,1.477,15.81,73.29,92.36,3.03,False,112.9
2025-05-16 19:20:00,Module_A,3.684,32.27,25.44,1.499,12.01,73.2,92.11,2.22,False,115.2
2025-05-16 19:25:00,Module_A,3.714,32.18,23.86,1.418,8.06,73.07,92.23,3.64,False,104.3
2025-05-16 19:30:00,Module_A,3.707,31.54,23.34,1.385,12.48,73.01,92.08,1.74,False,133.0
2025-05-16 19:35:00,Module_A,3.706,32.21,22.03,1.306,8.94,73.26,92.12,6.27,False,110.4
2025-05-16 19:40:00,Module_A,3.69,32.12,22.39,1.322,12.81,72.94,92.27,11.0,False,138.1
2025-05-16 19:45:00,Module_A,3.691,31.97,21.52,1.271,12.02,72.89,91.97,8.32,False,119.4
2025-05-16 19:50:00,Module_A,3.674,32.28,20.14,1.184,8.21,72.62,92.13,6.2,False,113.1
2025-05-16 19:55:00,Module_A,3.692,32.17,18.08,1.068,6.42,72.74,92.21,0.07,False,141.7
2025-05-16 20:00:00,Module_A,3.677,31.68,17.02,1.001,7.66,72.46,92.15,2.28,False,117.7
2025-05-16 20:05:00,Module_A,3.74,32.26,16.63,0.995,9.4,72.76,91.93,7.71,False,109.8
2025-05-16 20:10:00,Module_A,3.743,32.24,16.46,0.986,11.4,72.74,92.09,2.53,False,115.5
2025-05-16 20:15:00,Module_A,3.67,32.1,15.83,0.93,9.42,72.63,92.04,1.23,False,124.6
2025-05-16 20:20:00,Module_A,3.694,32.54,15.58,0.921,8.43,72.66,91.96,1.91,False,127.7
2025-05-16 20:25:00,Module_A,3.69,32.45,14.91,0.88,8.06,72.6,91.97,7.81,False,116.3
2025-05-16 08:00:00,Module_B,3.677,25.19,19.5,1.147,14.35,80.1,94.96,4.32,False,102.9
2025-05-16 08:05:00,Module_B,3.723,24.87,20.48,1.22,8.96,80.0,95.0,22.87,False,111.0
2025-05-16 08:10:00,Module_B,3.713,25.34,21.78,1.294,7.88,79.99,95.02,2.23,False,132.9
2025-05-16 08:15:00,Module_B,3.668,24.97,23.54,1.381,9.47,79.76,94.74,0.33,False,126.5
2025-05-16 08:20:00,Module_B,3.69,25.36,24.19,1.428,15.74,79.81,94.99,0.0,False,125.7
2025-05-16 08:25:00,Module_B,3.715,25.13,24.99,1.486,13.98,79.71,94.97,4.86,False,115.0
2025-05-16 08:30:00,Module_B,3.672,25.57,24.45,1.437,9.94,79.27,94.94,3.13,False,102.7
2025-05-16 08:35:00,Module_B,3.687,25.1,24.21,1.428,11.74,79.68,94.81,6.67,False,133.2
2025-05-16 08:40:00,Module_B,3.7,25.67,25.52,1.511,12.2,79.47,94.87,7.88,False,122.8
2025-05-16 08:45:00,Module_B,3.702,24.96,25.63,1.518,10.2,79.47,94.8,5.51,False,111.2
2025-05-16 08:50:00,Module_B,3.706,25.49,25.26,1.498,12.87,79.42,94.98,4.88,False,118.3
2025-05-16 08:55:00,Module_B,3.698,25.31,23.49,1.39,14.18,79.6,94.85,1.95,False,114.7
2025-05-16 09:00:00,Module_B,3.69,25.62,24.46,1.444,11.3,79.58,94.68,4.85,False,129.0
2025-05-16 09:05:00,Module_B,3.71,25.65,23.57,1.399,11.61,79.61,94.66,0.2,False,101.6
2025-05-16 09:10:00,Module_B,3.686,25.48,21.56,1.271,11.08,79.35,94.68,26.85,False,109.6
2025-05-16 09:15:00,Module_B,3.742,25.75,20.74,1.242,13.49,79.38,94.73,1.07,False,118.2
2025-05-16 09:20:00,Module_B,3.723,25.79,19.74,1.176,8.62,79.25,94.62,0.13,False,111.1
2025-05-16 09:25:00,Module_B,3.696,26.17,18.84,1.114,8.72,79.09,94.68,2.72,False,115.3
2025-05-16 09:30:00,Module_B,3.709,26.1,17.07,1.013,8.67,79.12,94.69,12.86,False,129.7
2025-05-16 09:35:00,Module_B,3.713,25.91,17.08,1.015,10.0,79.21,94.54,1.1,False,107.0
2025-05-16 09:40:00,Module_B,3.714,26.27,16.44,0.977,6.88,78.84,94.56,13.73,False,119.9
2025-05-16 09:45:00,Module_B,3.696,25.94,15.17,0.897,5.65,78.69,94.61,1.46,False,123.5
2025-05-16 09:50:00,Module_B,3.676,25.82,15.02,0.884,7.49,79.05,94.53,0.98,False,130.6
2025-05-16 09:55:00,Module_B,3.671,25.77,15.46,0.908,8.85,78.81,94.47,0.08,False,118.5
2025-05-16 10:00:00,Module_B,3.719,26.38,15.41,0.917,11.54,78.69,94.59,0.84,False,133.0
2025-05-16 10:05:00,Module_B,3.689,26.72,15.86,0.936,9.23,78.67,94.46,1.93,False,103.2
2025-05-16 10:10:00,Module_B,3.681,26.49,15.9,0.936,5.62,78.65,94.48,4.18,False,116.6
2025-05-16 10:15:00,Module_B,3.694,26.59,16.31,0.964,11.15,78.55,94.45,0.27,False,122.0
2025-05-16 10:20:00,Module_B,3.697,26.15,16.85,0.997,10.61,78.55,94.33,3.46,False,124.2
2025-05-16 10:25:00,Module_B,3.713,26.55,16.71,0.993,9.34,78.33,94.23,3.53,False,113.3
2025-05-16 10:30:00,Module_B,3.712,26.31,18.82,1.118,9.75,78.52,94.43,7.41,False,115.3
2025-05-16 10:35:00,Module_B,3.726,26.58,19.89,1.186,7.46,78.74,94.37,0.71,False,118.5
2025-05-16 10:40:00,Module_B,3.691,26.59,20.31,1.2,9.84,78.53,94.55,3.72,False,120.6
2025-05-16 10:45:00,Module_B,3.72,26.42,21.27,1.266,6.23,78.36,94.26,1.44,False,118.7
2025-05-16 10:50:00,Module_B,3.688,26.81,22.61,1.334,13.61,78.11,94.42,2.9,False,125.4
2025-05-16 10:55:00,Module_B,3.728,26.82,22.74,1.356,10.69,78.43,94.29,1.75,False,111.9
2025-05-16 11:00:00,Module_B,3.723,26.93,23.31,1.388,11.5,78.47,94.41,16.51,False,107.3
2025-05-16 11:05:00,Module_B,3.723,26.97,24.71,1.471,13.01,78.09,94.26,1.98,False,121.1
2025-05-16 11:10:00,Module_B,3.732,27.17,24.25,1.448,12.7,77.84,94.24,4.23,False,128.6
2025-05-16 11:15:00,Module_B,3.705,27.16,25.56,1.515,12.73,78.4,94.19,0.8,False,103.0
2025-05-16 11:20:00,Module_B,3.728,27.27,24.99,1.491,11.84,77.64,94.31,3.14,False,117.1
2025-05-16 11:25:00,Module_B,3.698,27.01,24.82,1.469,11.8,78.04,94.16,2.93,False,133.9
2025-05-16 11:30:00,Module_B,3.683,26.98,23.6,1.391,12.04,77.41,94.36,0.33,False,105.3
2025-05-16 11:35:00,Module_B,3.723,26.91,23.84,1.42,11.61,78.02,94.22,1.01,False,111.2
2025-05-16 11:40:00,Module_B,3.721,27.1,22.54,1.342,9.49,77.46,94.16,6.82,False,137.9
2025-05-16 11:45:00,Module_B,3.701,26.99,22.33,1.322,10.89,78.03,94.22,6.72,False,119.5
2025-05-16 11:50:00,Module_B,3.716,27.57,21.7,1.29,11.65,77.89,94.14,0.47,False,99.4
2025-05-16 11:55:00,Module_B,3.667,27.4,20.67,1.213,7.59,77.75,94.1,1.54,False,111.0
2025-05-16 12:00:00,Module_B,3.677,27.44,19.12,1.125,5.84,77.9,94.07,3.59,False,117.5
2025-05-16 12:05:00,Module_B,3.72,27.79,17.73,1.055,7.91,77.72,93.88,0.36,False,119.5
2025-05-16 12:10:00,Module_B,3.756,27.71,17.72,1.065,9.59,77.24,94.05,11.57,False,106.5
2025-05-16 12:15:00,Module_B,3.701,27.38,17.03,1.008,6.98,77.7,94.07,5.53,False,128.3
2025-05-16 12:20:00,Module_B,3.681,27.69,15.76,0.928,9.16,77.16,93.94,1.42,False,132.5
2025-05-16 12:25:00,Module_B,3.755,27.81,14.84,0.892,8.9,77.21,93.83,4.76,False,115.5
2025-05-16 12:30:00,Module_B,3.689,27.71,14.09,0.832,7.39,77.18,93.94,2.29,False,119.6
2025-05-16 12:35:00,Module_B,3.707,27.6,14.42,0.855,8.49,77.49,94.01,6.85,False,132.9
2025-05-16 12:40:00,Module_B,3.722,28.05,14.36,0.855,4.9,77.11,93.79,9.35,False,118.7
2025-05-16 12:45:00,Module_B,3.699,27.74,15.08,0.893,7.44,76.9,93.97,4.43,False,116.3
2025-05-16 12:50:00,Module_B,3.678,27.74,15.44,0.909,8.45,77.25,93.85,2.29,False,121.4
2025-05-16 12:55:00,Module_B,3.686,27.82,16.21,0.956,6.59,77.01,94.05,0.14,False,103.9
2025-05-16 13:00:00,Module_B,3.696,28.19,17.63,1.043,8.48,77.01,93.86,1.95,False,117.4
2025-05-16 13:05:00,Module_B,3.695,28.25,18.15,1.073,11.77,76.9,93.67,9.09,False,122.6
2025-05-16 13:10:00,Module_B,3.678,28.01,19.22,1.131,10.95,76.7,93.66,3.56,False,105.4
2025-05-16 13:15:00,Module_B,3.731,28.28,20.5,1.224,9.44,76.9,93.65,23.27,False,118.8
2025-05-16 13:20:00,Module_B,3.709,28.51,21.78,1.292,14.32,77.0,93.78,1.17,False,123.5
2025-05-16 13:25:00,Module_B,3.71,28.22,22.28,1.323,11.89,76.61,93.63,2.67,False,114.8
2025-05-16 13:30:00,Module_B,3.697,28.42,23.04,1.363,12.74,77.06,93.6,2.62,False,118.7
2025-05-16 13:35:00,Module_B,3.68,28.79,24.35,1.434,13.24,76.46,93.57,3.25,False,129.8
2025-05-16 13:40:00,Module_B,3.713,28.39,24.7,1.468,13.13,76.46,93.69,0.53,False,118.8
2025-05-16 13:45:00,Module_B,3.702,28.28,24.55,1.454,13.49,76.84,93.43,4.71,False,109.7
2025-05-16 13:50:00,Module_B,3.714,28.83,24.62,1.463,15.34,76.5,93.76,5.83,False,119.1
2025-05-16 13:55:00,Module_B,3.697,28.53,25.02,1.48,12.18,76.25,93.67,6.83,False,112.1
2025-05-16 14:00:00,Module_B,3.666,28.16,25.11,1.473,12.13,76.49,93.4,0.28,False,108.0
2025-05-16 14:05:00,Module_B,3.718,28.34,24.43,1.454,12.71,76.44,93.65,3.85,False,121.8
2025-05-16 14:10:00,Module_B,3.677,28.32,23.75,1.397,11.23,76.42,93.59,3.83,False,119.6
2025-05-16 14:15:00,Module_B,3.689,28.63,23.7,1.399,11.45,76.02,93.46,11.52,False,126.2
2025-05-16 14:20:00,Module_B,3.709,28.98,22.44,1.332,11.22,76.25,93.26,3.55,False,113.9
2025-05-16 14:25:00,Module_B,3.709,28.9,21.81,1.294,12.97,76.37,93.36,1.75,False,124.0
2025-05-16 14:30:00,Module_B,3.703,29.0,20.23,1.199,9.83,76.38,93.22,1.36,False,118.9
2025-05-16 14:35:00,Module_B,3.714,28.77,19.15,1.138,9.89,76.11,93.4,11.68,False,132.9
2025-05-16 14:40:00,Module_B,3.683,28.85,19.22,1.132,9.52,76.09,93.42,16.42,False,125.7
2025-05-16 14:45:00,Module_B,3.686,29.09,17.64,1.04,5.79,76.12,93.39,1.83,False,116.4
2025-05-16 14:50:00,Module_B,3.711,28.89,16.78,0.996,7.54,75.71,93.27,2.75,False,101.8
2025-05-16 14:55:00,Module_B,3.704,29.19,16.13,0.956,5.98,75.87,93.22,7.45,False,129.6
2025-05-16 15:00:00,Module_B,3.671,29.54,15.58,0.915,5.39,75.76,93.28,10.75,False,123.1
2025-05-16 15:05:00,Module_B,3.705,29.15,15.31,0.908,6.47,75.57,93.19,1.88,False,107.7
2025-05-16 15:10:00,Module_B,3.682,29.16,15.36,0.905,9.83,75.72,93.38,3.7,False,119.6
2025-05-16 15:15:00,Module_B,3.706,29.61,14.65,0.869,6.35,75.79,93.34,4.69,False,125.4
2025-05-16 15:20:00,Module_B,3.718,29.51,15.48,0.921,7.87,75.48,93.16,1.96,False,109.6
2025-05-16 15:25:00,Module_B,3.743,29.17,15.32,0.917,7.71,75.27,93.44,0.8,False,132.5
2025-05-16 15:30:00,Module_B,3.679,29.21,16.77,0.988,8.59,75.51,93.23,2.49,False,105.3
2025-05-16 15:35:00,Module_B,3.703,29.51,17.0,1.007,8.1,75.35,93.32,0.39,False,113.5
2025-05-16 15:40:00,Module_B,3.711,29.69,18.3,1.087,10.19,75.34,93.16,1.29,False,117.1
2025-05-16 15:45:00,Module_B,3.693,29.57,17.52,1.035,9.01,75.45,93.09,3.28,False,126.9
2025-05-16 15:50:00,Module_B,3.696,29.64,19.65,1.162,8.75,75.41,92.95,5.08,False,105.9
2025-05-16 15:55:00,Module_B,3.717,29.77,21.0,1.249,10.66,75.74,93.19,2.52,False,124.1
2025-05-16 16:00:00,Module_B,3.714,29.73,22.23,1.321,14.86,75.24,93.14,0.8,False,124.2
2025-05-16 16:05:00,Module_B,3.693,29.71,22.4,1.324,12.55,75.2,93.08,8.02,False,137.5
2025-05-16 16:10:00,Module_B,3.741,29.75,23.39,1.4,14.07,74.97,92.93,5.6,False,124.3
2025-05-16 16:15:00,Module_B,3.702,29.68,24.3,1.439,14.35,74.97,93.17,10.2,False,132.9
2025-05-16 16:20:00,Module_B,3.684,30.39,24.77,1.46,10.92,74.93,93.04,14.29,False,122.1
2025-05-16 16:25:00,Module_B,3.709,30.04,24.82,1.473,13.84,74.84,93.04,0.16,False,130.4
2025-05-16 16:30:00,Module_B,3.705,30.28,25.26,1.497,13.52,74.91,92.91,1.15,False,128.8
2025-05-16 16:35:00,Module_B,3.704,29.95,24.5,1.452,10.75,74.78,92.83,2.56,False,122.0
2025-05-16 16:40:00,Module_B,3.717,30.14,24.87,1.479,13.1,74.87,92.81,2.74,False,131.6
2025-05-16 16:45:00,Module_B,3.733,30.32,24.24,1.448,10.23,74.72,92.93,2.02,False,100.3
2025-05-16 16:50:00,Module_B,3.712,30.4,23.81,1.414,10.82,75.25,92.86,11.77,False,111.9
2025-05-16 16:55:00,Module_B,3.683,30.7,23.17,1.365,13.88,74.69,92.88,2.56,False,109.9
2025-05-16 17:00:00,Module_B,3.719,30.21,21.93,1.305,8.84,74.83,92.82,4.74,False,102.5
2025-05-16 17:05:00,Module_B,3.725,30.55,20.25,1.207,12.88,74.2,92.74,1.54,False,134.1
2025-05-16 17:10:00,Module_B,3.701,30.55,19.73,1.168,10.66,74.48,92.82,6.44,False,139.3
2025-05-16 17:15:00,Module_B,3.717,30.75,19.05,1.133,11.72,74.76,92.63,5.94,False,116.7
2025-05-16 17:20:00,Module_B,3.71,30.54,17.71,1.051,9.17,74.24,92.57,5.88,False,104.8
2025-05-16 17:25:00,Module_B,3.674,30.68,17.04,1.002,4.05,74.59,92.74,2.53,False,115.7
2025-05-16 17:30:00,Module_B,3.691,30.96,16.06,0.949,8.76,74.49,92.6,3.65,False,143.5
2025-05-16 17:35:00,Module_B,3.671,30.58,14.96,0.879,7.82,73.94,92.84,8.81,False,111.3
2025-05-16 17:40:00,Module_B,3.699,31.17,15.06,0.891,7.73,74.15,92.67,1.01,False,123.2
2025-05-16 17:45:00,Module_B,3.704,30.7,15.51,0.919,7.19,74.64,92.87,0.74,False,121.6
2025-05-16 17:50:00,Module_B,3.68,31.28,14.84,0.874,8.53,74.07,92.67,3.39,False,123.2
2025-05-16 17:55:00,Module_B,3.69,30.92,14.75,0.871,5.04,73.84,92.75,2.05,False,114.1
2025-05-16 18:00:00,Module_B,3.748,30.8,14.76,0.885,7.81,74.04,92.59,2.25,False,124.6
2025-05-16 18:05:00,Module_B,3.722,31.07,16.14,0.962,9.27,73.89,92.36,0.25,False,103.7
2025-05-16 18:10:00,Module_B,3.666,31.11,16.78,0.984,8.71,73.54,92.47,2.81,False,128.4
2025-05-16 18:15:00,Module_B,3.679,31.12,18.21,1.072,9.29,73.69,92.51,5.56,False,129.4
2025-05-16 18:20:00,Module_B,3.701,31.32,18.84,1.116,6.42,74.05,92.5,0.02,False,117.1
2025-05-16 18:25:00,Module_B,3.677,31.22,19.41,1.142,7.86,73.86,92.51,0.34,False,141.0
2025-05-16 18:30:00,Module_B,3.679,31.61,19.91,1.172,11.44,73.86,92.62,12.75,False,102.5
2025-05-16 18:35:00,Module_B,3.711,31.39,20.87,1.239,8.42,73.76,92.39,10.07,False,137.1
2025-05-16 18:40:00,Module_B,3.703,31.09,22.95,1.36,15.95,73.71,92.42,5.26,False,117.7
2025-05-16 18:45:00,Module_B,3.722,31.7,22.88,1.363,11.02,73.64,92.3,0.04,False,124.6
2025-05-16 18:50:00,Module_B,3.703,31.63,23.97,1.42,15.18,73.55,92.37,1.91,False,109.3
2025-05-16 18:55:00,Module_B,3.666,31.57,24.57,1.441,12.31,73.81,92.46,0.17,False,109.3
2025-05-16 19:00:00,Module_B,3.684,31.35,25.17,1.483,15.21,73.57,92.4,2.7,False,104.8
2025-05-16 19:05:00,Module_B,3.696,31.64,25.83,1.528,12.76,73.71,92.27,2.26,False,102.0
2025-05-16 19:10:00,Module_B,3.721,31.89,24.61,1.465,13.02,72.87,92.13,4.3,False,121.6
2025-05-16 19:15:00,Module_B,3.744,31.62,25.28,1.515,13.88,73.44,92.36,4.53,False,116.3
2025-05-16 19:20:00,Module_B,3.698,31.71,24.79,1.466,13.65,73.21,92.24,0.46,False,130.2
2025-05-16 19:25:00,Module_B,3.717,31.95,23.88,1.42,11.21,73.49,92.19,0.56,False,122.7
2025-05-16 19:30:00,Module_B,3.684,32.08,23.18,1.366,8.64,72.52,92.42,2.48,False,115.8
2025-05-16 19:35:00,Module_B,3.712,32.01,21.36,1.269,7.3,73.0,92.07,8.57,False,109.8
2025-05-16 19:40:00,Module_B,3.713,32.07,21.15,1.257,10.23,73.18,92.2,1.99,False,130.2
2025-05-16 19:45:00,Module_B,3.705,32.22,20.46,1.213,11.53,72.75,92.24,15.44,False,118.3
2025-05-16 19:50:00,Module_B,3.7,32.19,18.93,1.121,14.96,72.71,92.3,11.38,False,125.6
2025-05-16 19:55:00,Module_B,3.66,32.12,18.81,1.102,9.31,72.73,92.18,2.02,False,97.1
2025-05-16 20:00:00,Module_B,3.723,32.1,16.96,1.01,8.14,72.98,92.02,8.12,False,134.6
2025-05-16 20:05:00,Module_B,3.725,31.55,16.67,0.994,8.56,72.77,92.06,6.06,False,121.7
2025-05-16 20:10:00,Module_B,3.713,32.33,14.94,0.888,5.93,72.42,91.98,0.52,False,107.9
2025-05-16 20:15:00,Module_B,3.7,32.29,15.68,0.928,8.47,72.34,92.09,7.05,False,121.0
2025-05-16 20:20:00,Module_B,3.677,32.18,15.7,0.924,4.21,72.64,92.03,2.26,False,116.5
2025-05-16 20:25:00,Module_B,3.708,32.66,14.85,0.881,6.46,72.43,91.96,10.38,False,107.7
2025-05-16 08:00:00,Module_C,3.674,25.27,19.71,1.159,9.56,80.37,95.12,1.07,False,123.0
2025-05-16 08:05:00,Module_C,3.672,25.07,20.8,1.222,11.25,80.0,95.16,3.11,False,115.5
2025-05-16 08:10:00,Module_C,3.71,24.92,21.13,1.254,9.1,79.87,95.11,7.3,False,107.7
2025-05-16 08:15:00,Module_C,3.679,25.19,23.48,1.382,9.0,79.94,94.81,0.58,False,117.5
2025-05-16 08:20:00,Module_C,3.678,25.06,23.75,1.398,13.26,79.83,94.88,1.64,False,127.6
2025-05-16 08:25:00,Module_C,3.692,25.29,24.05,1.421,12.46,79.8,95.09,2.5,False,107.2
2025-05-16 08:30:00,Module_C,3.698,25.35,25.15,1.488,10.09,79.71,94.81,4.72,False,124.5
2025-05-16 08:35:00,Module_C,3.697,25.21,25.26,1.494,9.79,79.6,94.78,1.14,False,116.4
2025-05-16 08:40:00,Module_C,3.667,25.42,24.97,1.465,14.34,79.88,94.81,3.63,False,129.9
2025-05-16 08:45:00,Module_C,3.743,25.45,25.6,1.533,10.31,79.57,94.92,18.46,False,130.6
2025-05-16 08:50:00,Module_C,3.711,25.89,24.56,1.458,12.64,79.66,94.97,2.49,False,108.5
2025-05-16 08:55:00,Module_C,3.683,25.31,24.68,1.454,9.75,79.56,94.84,1.97,False,125.5
2025-05-16 09:00:00,Module_C,3.7,25.67,23.6,1.397,11.26,79.02,94.79,8.8,False,123.3
2025-05-16 09:05:00,Module_C,3.689,25.64,22.21,1.311,15.64,79.49,94.7,2.67,False,130.7
2025-05-16 09:10:00,Module_C,3.695,25.67,22.01,1.301,8.06,79.33,94.71,12.94,False,105.1
2025-05-16 09:15:00,Module_C,3.698,25.58,21.14,1.251,9.81,79.37,94.73,15.99,False,108.2
2025-05-16 09:20:00,Module_C,3.688,25.5,20.33,1.2,7.15,79.12,94.66,1.06,False,131.7
2025-05-16 09:25:00,Module_C,3.718,25.94,19.68,1.171,9.84,79.15,94.68,2.1,False,123.0
2025-05-16 09:30:00,Module_C,3.697,25.96,17.61,1.042,11.47,79.3,94.64,2.01,False,118.9
2025-05-16 09:35:00,Module_C,3.724,26.04,17.19,1.024,9.11,79.49,94.45,7.72,False,109.7
2025-05-16 09:40:00,Module_C,3.685,25.77,15.52,0.915,3.95,79.48,94.58,1.58,False,115.1
2025-05-16 09:45:00,Module_C,3.698,25.97,15.64,0.925,9.44,79.31,94.49,3.37,False,109.3
2025-05-16 09:50:00,Module_C,3.694,26.13,15.02,0.888,3.8,78.57,94.72,1.97,False,133.2
2025-05-16 09:55:00,Module_C,3.717,26.21,15.43,0.917,7.94,78.88,94.43,1.04,False,109.3
2025-05-16 10:00:00,Module_C,3.69,26.26,16.05,0.947,7.89,78.83,94.42,1.72,False,107.9
2025-05-16 10:05:00,Module_C,3.699,26.7,14.72,0.871,9.58,78.76,94.47,1.72,False,111.5
2025-05-16 10:10:00,Module_C,3.691,26.35,15.63,0.923,6.28,78.85,94.5,0.86,False,123.9
2025-05-16 10:15:00,Module_C,3.683,26.9,16.94,0.998,9.06,78.54,94.39,7.32,False,119.9
2025-05-16 10:20:00,Module_C,3.695,26.36,17.42,1.03,7.64,78.59,94.51,3.28,False,125.5
2025-05-16 10:25:00,Module_C,3.736,26.58,17.93,1.071,11.41,78.55,94.52,0.62,False,122.3
2025-05-16 10:30:00,Module_C,3.7,26.61,18.93,1.121,7.06,78.69,94.48,1.67,False,124.5
2025-05-16 10:35:00,Module_C,3.725,26.38,19.6,1.168,7.96,78.53,94.52,2.55,False,133.3
2025-05-16 10:40:00,Module_C,3.674,26.7,20.4,1.199,13.51,78.37,94.3,9.04,False,119.0
2025-05-16 10:45:00,Module_C,3.698,26.64,21.26,1.258,8.38,78.19,94.18,2.77,False,122.5
2025-05-16 10:50:00,Module_C,3.692,26.65,22.5,1.33,14.45,77.86,94.27,1.84,False,114.0
2025-05-16 10:55:00,Module_C,3.658,26.96,23.04,1.348,10.67,78.65,94.33,0.46,False,113.1
2025-05-16 11:00:00,Module_C,3.687,27.04,24.17,1.426,15.26,78.34,94.3,2.55,False,143.6
2025-05-16 11:05:00,Module_C,3.706,26.71,25.61,1.518,13.81,77.64,94.17,1.2,False,118.1
2025-05-16 11:10:00,Module_C,3.723,26.78,24.84,1.48,11.63,77.7,94.14,3.91,False,119.1
2025-05-16 11:15:00,Module_C,3.699,27.13,25.27,1.496,12.68,77.96,94.09,4.39,False,109.6
2025-05-16 11:20:00,Module_C,3.754,27.11,25.06,1.505,12.04,78.14,94.19,0.01,False,112.2
2025-05-16 11:25:00,Module_C,3.713,26.81,24.9,1.48,12.67,78.03,94.29,2.03,False,120.8
2025-05-16 11:30:00,Module_C,3.711,27.16,23.65,1.404,13.57,77.71,94.19,4.91,False,112.9
2025-05-16 11:35:00,Module_C,3.692,27.3,23.92,1.413,10.9,78.15,94.14,2.45,False,112.3
2025-05-16 11:40:00,Module_C,3.678,26.89,23.61,1.39,12.09,77.82,94.07,0.59,False,110.8
2025-05-16 11:45:00,Module_C,3.724,27.21,23.4,1.395,10.59,77.45,94.22,0.1,False,125.9
2025-05-16 11:50:00,Module_C,3.725,27.19,21.19,1.263,9.37,78.19,94.08,5.13,False,134.0
2025-05-16 11:55:00,Module_C,3.719,27.43,20.59,1.225,7.93,77.7,94.13,1.66,False,131.7
2025-05-16 12:00:00,Module_C,3.723,27.3,19.45,1.159,13.76,77.51,94.14,3.73,False,124.7
2025-05-16 12:05:00,Module_C,3.716,27.33,17.63,1.048,9.79,77.61,93.94,7.07,False,123.5
2025-05-16 12:10:00,Module_C,3.708,27.68,17.77,1.054,11.23,77.51,93.82,5.83,False,119.1
2025-05-16 12:15:00,Module_C,3.682,27.64,17.14,1.01,9.9,77.57,93.94,21.53,False,104.1
2025-05-16 12:20:00,Module_C,3.714,27.79,16.6,0.986,9.12,77.42,94.08,6.44,False,112.5
2025-05-16 12:25:00,Module_C,3.649,27.95,14.92,0.871,9.66,77.62,93.94,5.3,False,121.8
2025-05-16 12:30:00,Module_C,3.701,27.58,15.61,0.925,10.52,77.23,93.91,5.73,False,106.0
2025-05-16 12:35:00,Module_C,3.699,27.66,14.61,0.864,5.46,77.33,93.69,1.09,False,120.4
2025-05-16 12:40:00,Module_C,3.701,28.1,14.96,0.886,6.51,77.41,93.9,3.2,False,118.8
2025-05-16 12:45:00,Module_C,3.692,27.67,14.86,0.878,2.7,77.44,93.84,3.93,False,124.3
2025-05-16 12:50:00,Module_C,3.718,27.72,15.98,0.951,9.97,77.08,93.82,0.91,False,120.4
2025-05-16 12:55:00,Module_C,3.692,28.16,16.93,1.0,10.86,76.89,93.94,4.8,False,125.9
2025-05-16 13:00:00,Module_C,3.739,27.99,17.12,1.024,11.4,77.13,93.75,1.92,False,122.4
2025-05-16 13:05:00,Module_C,3.666,27.75,17.52,1.028,5.81,76.73,93.8,6.76,False,101.7
2025-05-16 13:10:00,Module_C,3.672,28.49,19.63,1.153,11.22,76.78,93.74,4.19,False,100.5
2025-05-16 13:15:00,Module_C,3.737,27.93,20.01,1.197,9.09,76.45,93.74,0.46,False,106.0
2025-05-16 13:20:00,Module_C,3.706,28.05,21.09,1.251,7.9,76.89,93.61,4.06,False,119.0
2025-05-16 13:25:00,Module_C,3.729,28.36,21.96,1.31,10.69,76.75,93.71,3.54,False,101.6
2025-05-16 13:30:00,Module_C,3.699,28.46,23.35,1.382,8.65,76.86,93.76,8.6,False,128.6
2025-05-16 13:35:00,Module_C,3.681,28.45,23.47,1.382,7.19,76.86,93.65,3.86,False,113.6
2025-05-16 13:40:00,Module_C,3.723,28.51,24.28,1.446,13.25,76.7,93.65,3.83,False,111.1
2025-05-16 13:45:00,Module_C,3.709,28.34,24.75,1.469,10.62,76.64,93.59,8.05,False,107.6
2025-05-16 13:50:00,Module_C,3.687,28.6,24.65,1.454,11.15,76.73,93.73,9.27,False,123.6
2025-05-16 13:55:00,Module_C,3.68,28.36,25.2,1.484,14.67,76.06,93.55,2.93,False,122.0
2025-05-16 14:00:00,Module_C,3.69,28.88,24.13,1.425,11.61,76.25,93.56,4.0,False,120.1
2025-05-16 14:05:00,Module_C,3.702,28.4,23.88,1.415,12.43,76.45,93.55,17.52,False,138.1
2025-05-16 14:10:00,Module_C,3.698,28.74,24.18,1.431,13.69,76.42,93.49,6.82,False,117.0
2025-05-16 14:15:00,Module_C,3.711,28.74,22.92,1.361,10.82,76.22,93.46,1.53,False,119.9
2025-05-16 14:20:00,Module_C,3.716,28.62,23.04,1.37,9.4,76.46,93.59,1.03,False,115.7
2025-05-16 14:25:00,Module_C,3.696,29.0,22.35,1.322,12.59,76.31,93.55,11.35,False,103.7
2025-05-16 14:30:00,Module_C,3.726,29.1,21.07,1.256,10.59,76.29,93.47,1.03,False,111.6
2025-05-16 14:35:00,Module_C,3.734,29.12,19.53,1.167,8.27,76.54,93.43,8.25,False,121.3
2025-05-16 14:40:00,Module_C,3.698,28.93,18.85,1.116,10.94,76.11,93.38,7.95,False,136.1
2025-05-16 14:45:00,Module_C,3.709,28.98,17.83,1.058,7.89,75.74,93.43,7.49,False,117.1
2025-05-16 14:50:00,Module_C,3.717,28.79,16.51,0.982,7.74,75.87,93.38,3.84,False,128.0
2025-05-16 14:55:00,Module_C,3.725,29.37,15.79,0.941,8.14,75.85,93.28,2.33,False,134.8
2025-05-16 15:00:00,Module_C,3.729,29.18,15.5,0.925,10.37,75.65,93.29,1.89,False,123.7
2025-05-16 15:05:00,Module_C,3.708,29.03,15.32,0.909,7.05,75.66,93.27,3.86,False,109.5
2025-05-16 15:10:00,Module_C,3.687,29.24,15.37,0.906,7.41,75.38,93.31,11.58,False,115.4
2025-05-16 15:15:00,Module_C,3.688,29.03,14.6,0.861,5.97,75.69,93.31,3.64,False,135.2
2025-05-16 15:20:00,Module_C,3.695,29.53,14.78,0.874,5.18,75.75,93.21,0.14,False,139.6
2025-05-16 15:25:00,Module_C,3.697,29.87,16.18,0.957,10.53,75.43,93.24,0.27,False,112.3
2025-05-16 15:30:00,Module_C,3.667,29.64,16.12,0.946,5.9,75.43,93.22,12.2,False,125.7
2025-05-16 15:35:00,Module_C,3.715,29.4,17.29,1.028,9.85,75.59,93.17,5.87,False,130.2
2025-05-16 15:40:00,Module_C,3.673,29.91,17.77,1.044,8.71,75.36,93.16,5.74,False,116.8
2025-05-16 15:45:00,Module_C,3.65,29.59,18.35,1.072,8.17,75.06,93.1,15.32,False,124.0
2025-05-16 15:50:00,Module_C,3.702,29.58,18.99,1.125,9.24,75.08,93.24,1.2,False,128.9
2025-05-16 15:55:00,Module_C,3.68,29.84,21.67,1.276,13.29,75.21,93.07,4.43,False,104.3
2025-05-16 16:00:00,Module_C,3.707,29.8,21.19,1.257,11.74,75.07,93.15,8.68,False,124.1
2025-05-16 16:05:00,Module_C,3.722,30.06,22.76,1.356,16.42,75.08,92.92,0.04,False,123.9
2025-05-16 16:10:00,Module_C,3.728,29.8,24.42,1.457,14.11,74.79,93.21,2.49,False,117.9
2025-05-16 16:15:00,Module_C,3.736,30.18,24.45,1.462,12.27,75.14,93.08,2.91,False,135.9
2025-05-16 16:20:00,Module_C,3.739,30.24,24.2,1.448,11.53,74.94,93.01,2.75,False,137.3
2025-05-16 16:25:00,Module_C,3.701,30.08,24.58,1.456,12.73,74.81,92.98,11.57,False,145.6
2025-05-16 16:30:00,Module_C,3.687,29.62,24.05,1.418,9.64,74.77,93.12,0.81,False,127.7
2025-05-16 16:35:00,Module_C,3.68,30.33,24.9,1.466,8.86,74.79,92.73,0.51,False,134.5
2025-05-16 16:40:00,Module_C,3.712,30.13,24.44,1.452,12.91,74.96,92.98,0.31,False,120.2
2025-05-16 16:45:00,Module_C,3.734,30.16,24.82,1.483,12.9,74.54,93.01,0.08,False,118.1
2025-05-16 16:50:00,Module_C,3.696,30.57,23.6,1.396,10.07,74.67,92.97,3.65,False,125.2
2025-05-16 16:55:00,Module_C,3.721,30.91,22.75,1.355,10.39,74.55,92.94,4.91,False,120.9
2025-05-16 17:00:00,Module_C,3.71,30.12,22.05,1.309,10.67,74.63,92.85,2.31,False,127.8
2025-05-16 17:05:00,Module_C,3.692,30.38,21.08,1.245,11.18,74.41,92.73,1.7,False,120.7
2025-05-16 17:10:00,Module_C,3.709,30.23,18.68,1.109,10.57,74.09,92.74,4.22,False,118.2
2025-05-16 17:15:00,Module_C,3.75,30.56,18.97,1.138,9.39,74.53,92.66,3.16,False,136.4
2025-05-16 17:20:00,Module_C,3.738,30.32,18.33,1.096,11.52,74.6,92.82,0.36,False,132.2
2025-05-16 17:25:00,Module_C,3.715,30.64,16.76,0.996,8.84,74.18,92.76,0.76,False,105.9
2025-05-16 17:30:00,Module_C,3.719,30.84,15.81,0.941,9.09,74.36,92.79,1.68,False,110.5
2025-05-16 17:35:00,Module_C,3.68,30.81,16.42,0.967,3.96,74.19,92.59,5.31,False,125.1
2025-05-16 17:40:00,Module_C,3.708,30.81,14.86,0.882,7.58,74.14,92.65,12.56,False,118.2
2025-05-16 17:45:00,Module_C,3.697,31.02,15.47,0.915,9.33,74.29,92.79,5.53,False,112.5
2025-05-16 17:50:00,Module_C,3.704,30.96,15.69,0.93,10.57,73.92,92.63,1.44,False,133.9
2025-05-16 17:55:00,Module_C,3.695,30.74,15.11,0.893,7.18,74.01,92.59,4.74,False,133.7
2025-05-16 18:00:00,Module_C,3.677,30.98,15.18,0.893,4.11,74.13,92.46,1.85,False,113.5
2025-05-16 18:05:00,Module_C,3.704,31.43,15.76,0.934,7.41,73.6,92.58,0.92,False,117.2
2025-05-16 18:10:00,Module_C,3.679,31.26,17.18,1.011,8.65,74.27,92.58,5.35,False,124.5
2025-05-16 18:15:00,Module_C,3.674,30.76,17.64,1.037,12.69,73.67,92.51,1.2,False,123.7
2025-05-16 18:20:00,Module_C,3.706,31.01,18.61,1.103,10.12,73.74,92.45,21.26,False,119.1
2025-05-16 18:25:00,Module_C,3.697,30.86,18.81,1.113,8.34,73.96,92.58,1.55,False,134.6
2025-05-16 18:30:00,Module_C,3.693,31.86,20.86,1.233,12.22,73.75,92.52,9.35,False,125.3
2025-05-16 18:35:00,Module_C,3.721,31.32,21.33,1.27,8.83,73.78,92.45,4.66,False,124.6
2025-05-16 18:40:00,Module_C,3.689,31.71,21.54,1.272,12.68,73.62,92.34,4.13,False,125.9
2025-05-16 18:45:00,Module_C,3.636,31.47,22.7,1.321,8.71,73.59,92.31,20.64,False,113.0
2025-05-16 18:50:00,Module_C,3.682,31.64,24.41,1.438,12.72,73.55,92.33,2.81,False,118.7
2025-05-16 18:55:00,Module_C,3.7,31.24,24.0,1.421,11.43,73.29,92.37,0.35,False,111.9
2025-05-16 19:00:00,Module_C,3.697,31.63,25.93,1.534,11.47,73.18,92.44,4.67,False,112.8
2025-05-16 19:05:00,Module_C,3.691,31.98,24.37,1.439,9.31,73.61,92.17,2.71,False,111.6
2025-05-16 19:10:00,Module_C,3.711,31.64,25.85,1.535,16.56,73.27,92.2,1.54,False,125.8
2025-05-16 19:15:00,Module_C,3.693,31.93,24.8,1.465,10.99,73.32,92.13,11.59,False,99.7
2025-05-16 19:20:00,Module_C,3.688,32.03,24.63,1.453,11.5,73.38,92.3,1.52,False,122.8
2025-05-16 19:25:00,Module_C,3.694,32.08,23.94,1.415,6.91,72.78,92.16,0.81,False,124.7
2025-05-16 19:30:00,Module_C,3.724,31.76,23.43,1.396,12.61,72.98,92.39,0.82,False,109.8
2025-05-16 19:35:00,Module_C,3.714,31.9,23.83,1.416,14.17,72.92,92.21,0.6,False,111.3
2025-05-16 19:40:00,Module_C,3.704,32.21,21.17,1.255,9.6,73.46,92.12,0.77,False,119.0
2025-05-16 19:45:00,Module_C,3.706,31.97,19.5,1.157,13.42,72.96,92.33,0.06,False,111.5
2025-05-16 19:50:00,Module_C,3.718,32.08,19.56,1.164,8.21,72.92,92.13,7.04,False,102.6
2025-05-16 19:55:00,Module_C,3.7,31.96,18.17,1.076,9.01,73.1,92.13,0.15,False,134.4
2025-05-16 20:00:00,Module_C,3.71,32.36,17.63,1.046,6.53,73.0,92.23,12.02,False,122.3
2025-05-16 20:05:00,Module_C,3.712,32.2,16.86,1.001,14.0,72.79,92.03,13.36,False,111.6
2025-05-16 20:10:00,Module_C,3.667,32.06,16.09,0.944,3.42,72.68,92.15,1.88,False,126.1
2025-05-16 20:15:00,Module_C,3.715,32.47,15.95,0.948,6.99,72.52,92.08,6.25,False,135.4
2025-05-16 20:20:00,Module_C,3.685,32.45,14.92,0.88,6.47,72.1,91.89,15.54,False,124.3
2025-05-16 20:25:00,Module_C,3.702,32.46,14.56,0.862,7.42,72.15,91.92,5.29,False,116.3
2025-05-16 08:00:00,Module_D,3.69,25.15,19.06,1.125,8.77,79.67,95.05,1.87,False,120.8
2025-05-16 08:05:00,Module_D,3.712,25.27,20.33,1.207,12.49,79.96,94.99,2.11,False,121.3
2025-05-16 08:10:00,Module_D,3.708,25.47,21.52,1.276,11.76,80.04,95.14,0.67,False,108.5
2025-05-16 08:15:00,Module_D,3.685,25.26,22.88,1.349,11.98,79.82,94.84,0.08,False,110.2
2025-05-16 08:20:00,Module_D,3.706,25.31,23.26,1.38,18.44,80.55,94.81,0.01,False,117.4
2025-05-16 08:25:00,Module_D,3.702,25.55,24.25,1.437,10.29,79.53,94.88,20.89,False,110.1
2025-05-16 08:30:00,Module_D,3.705,25.31,24.39,1.445,12.56,79.32,95.02,2.5,False,118.5
2025-05-16 08:35:00,Module_D,3.68,25.37,24.98,1.471,10.62,79.76,94.83,9.12,False,122.1
2025-05-16 08:40:00,Module_D,3.684,25.46,24.18,1.426,11.57,79.51,94.85,0.73,False,117.1
2025-05-16 08:45:00,Module_D,3.674,25.24,24.54,1.443,15.86,79.42,94.76,2.23,False,119.0
2025-05-16 08:50:00,Module_D,3.703,25.66,24.94,1.478,14.62,79.27,94.88,6.65,False,113.5
2025-05-16 08:55:00,Module_D,3.712,25.56,23.66,1.405,9.86,79.56,95.0,6.04,False,116.2
2025-05-16 09:00:00,Module_D,3.729,25.41,23.22,1.385,9.96,79.2,94.73,1.9,False,113.5
2025-05-16 09:05:00,Module_D,3.699,25.69,22.79,1.349,8.93,79.48,94.68,9.0,False,109.8
2025-05-16 09:10:00,Module_D,3.687,26.21,21.86,1.289,9.37,79.27,94.82,7.22,False,134.3
2025-05-16 09:15:00,Module_D,3.713,25.71,20.34,1.209,10.27,79.34,94.58,5.84,False,126.4
2025-05-16 09:20:00,Module_D,3.718,25.74,19.15,1.139,10.6,79.04,94.63,9.38,False,147.3
2025-05-16 09:25:00,Module_D,3.692,26.06,17.61,1.04,11.81,79.48,94.69,1.24,False,130.4
2025-05-16 09:30:00,Module_D,3.734,26.06,17.85,1.066,11.82,79.07,94.49,3.71,False,119.8
2025-05-16 09:35:00,Module_D,3.684,26.08,16.69,0.984,6.96,79.33,94.69,9.53,False,132.9
2025-05-16 09:40:00,Module_D,3.695,25.9,16.44,0.972,6.37,79.1,94.78,2.39,False,130.3
2025-05-16 09:45:00,Module_D,3.688,25.99,16.2,0.956,6.72,79.09,94.48,0.43,False,112.6
2025-05-16 09:50:00,Module_D,3.697,26.01,14.88,0.88,5.81,78.91,94.35,4.13,False,123.3
2025-05-16 09:55:00,Module_D,3.684,26.41,15.4,0.908,7.51,78.69,94.46,14.17,False,121.7
2025-05-16 10:00:00,Module_D,3.689,26.06,14.2,0.838,9.75,78.51,94.55,5.46,False,114.0
2025-05-16 10:05:00,Module_D,3.679,26.23,15.07,0.887,7.7,78.97,94.56,5.17,False,137.3
2025-05-16 10:10:00,Module_D,3.711,25.91,14.93,0.887,7.21,78.95,94.55,3.55,False,109.2
2025-05-16 10:15:00,Module_D,3.699,26.75,16.04,0.949,10.01,78.55,94.5,0.81,False,124.1
2025-05-16 10:20:00,Module_D,3.685,26.27,16.63,0.981,10.74,78.81,94.63,2.73,False,136.4
2025-05-16 10:25:00,Module_D,3.721,26.3,18.05,1.074,10.45,78.74,94.5,0.13,False,120.5
2025-05-16 10:30:00,Module_D,3.657,26.98,19.33,1.131,8.29,78.88,94.41,1.04,False,115.5
2025-05-16 10:35:00,Module_D,3.677,26.48,20.61,1.213,8.99,78.16,94.37,3.24,False,123.5
2025-05-16 10:40:00,Module_D,3.73,26.88,20.25,1.209,11.34,78.17,94.39,0.03,False,109.2
2025-05-16 10:45:00,Module_D,3.737,26.75,22.27,1.332,12.67,78.51,94.49,0.4,False,130.7
2025-05-16 10:50:00,Module_D,3.735,26.96,21.55,1.288,11.38,78.0,94.32,2.3,False,125.2
2025-05-16 10:55:00,Module_D,3.71,26.62,23.64,1.403,14.83,78.37,94.44,4.3,False,108.4
2025-05-16 11:00:00,Module_D,3.686,26.69,24.19,1.427,13.07,78.55,94.15,3.23,False,123.0
2025-05-16 11:05:00,Module_D,3.706,27.29,24.18,1.434,15.73,78.25,94.16,9.06,False,116.4
2025-05-16 11:10:00,Module_D,3.673,26.85,25.59,1.504,9.35,78.36,94.2,8.08,False,137.1
2025-05-16 11:15:00,Module_D,3.705,27.2,25.6,1.518,11.35,78.02,94.17,3.19,False,125.8
2025-05-16 11:20:00,Module_D,3.693,27.09,25.4,1.501,11.9,78.06,94.44,8.13,False,109.8
2025-05-16 11:25:00,Module_D,3.737,27.33,25.11,1.501,13.76,78.04,94.2,2.41,False,127.0
2025-05-16 11:30:00,Module_D,3.702,26.87,23.98,1.421,8.97,77.71,94.07,4.09,False,123.5
2025-05-16 11:35:00,Module_D,3.693,26.78,23.12,1.366,12.23,77.89,94.18,1.54,False,128.4
2025-05-16 11:40:00,Module_D,3.697,27.18,22.91,1.355,7.01,77.45,94.16,6.41,False,109.0
2025-05-16 11:45:00,Module_D,3.729,27.07,22.59,1.347,11.17,77.75,94.08,5.79,False,134.5
2025-05-16 11:50:00,Module_D,3.713,27.34,20.83,1.237,7.59,77.38,93.89,1.4,False,114.8
2025-05-16 11:55:00,Module_D,3.715,27.77,19.97,1.187,11.32,77.82,94.0,0.4,False,109.4
2025-05-16 12:00:00,Module_D,3.695,27.31,19.24,1.138,8.2,77.88,94.07,7.18,False,121.0
2025-05-16 12:05:00,Module_D,3.696,27.38,18.59,1.1,9.48,77.63,94.01,0.08,False,107.6
2025-05-16 12:10:00,Module_D,3.69,27.39,17.02,1.005,10.51,77.51,93.95,1.79,False,102.2
2025-05-16 12:15:00,Module_D,3.726,27.26,16.69,0.995,11.71,77.34,94.04,0.73,False,137.5
2025-05-16 12:20:00,Module_D,3.681,27.45,16.59,0.977,9.49,77.24,93.86,0.35,False,98.8
2025-05-16 12:25:00,Module_D,3.68,27.52,15.45,0.91,8.64,77.35,93.98,13.97,False,138.5
2025-05-16 12:30:00,Module_D,3.702,27.77,14.63,0.867,5.73,77.33,93.95,8.58,False,118.2
2025-05-16 12:35:00,Module_D,3.703,27.96,15.53,0.92,6.64,77.34,94.0,2.45,False,132.2
2025-05-16 12:40:00,Module_D,3.714,27.76,15.96,0.948,7.06,77.17,94.02,1.69,False,144.5
2025-05-16 12:45:00,Module_D,3.711,28.11,15.83,0.94,8.33,76.68,93.95,7.09,False,134.7
2025-05-16 12:50:00,Module_D,3.719,28.18,15.69,0.934,8.73,77.36,93.7,2.92,False,109.4
2025-05-16 12:55:00,Module_D,3.725,28.07,16.99,1.013,10.01,77.01,93.83,1.27,False,125.7
2025-05-16 13:00:00,Module_D,3.703,27.92,17.24,1.022,6.39,77.14,93.85,3.59,False,127.3
2025-05-16 13:05:00,Module_D,3.679,27.84,17.86,1.051,7.29,77.02,93.82,6.03,False,117.9
2025-05-16 13:10:00,Module_D,3.731,28.26,19.11,1.14,8.81,77.07,93.78,1.92,False,115.6
2025-05-16 13:15:00,Module_D,3.668,28.32,20.6,1.209,10.92,76.94,93.88,2.18,False,115.0
2025-05-16 13:20:00,Module_D,3.723,28.25,21.72,1.294,10.51,76.97,93.78,7.48,False,115.0
2025-05-16 13:25:00,Module_D,3.707,28.57,21.11,1.252,10.0,76.87,93.82,0.94,False,126.8
2025-05-16 13:30:00,Module_D,3.71,28.52,22.51,1.336,10.45,77.26,93.68,6.55,False,116.2
2025-05-16 13:35:00,Module_D,3.69,28.29,22.58,1.333,11.76,76.77,93.74,0.12,False,108.2
2025-05-16 13:40:00,Module_D,3.687,28.14,24.71,1.458,13.33,76.46,93.57,9.6,False,121.7
2025-05-16 13:45:00,Module_D,3.666,28.5,25.33,1.486,13.43,76.85,93.58,1.99,False,123.4
2025-05-16 13:50:00,Module_D,3.719,28.54,24.96,1.486,13.07,76.45,93.43,1.74,False,121.7
2025-05-16 13:55:00,Module_D,3.697,28.83,24.24,1.434,12.39,76.44,93.62,13.97,False,114.8
2025-05-16 14:00:00,Module_D,3.695,28.4,25.23,1.491,16.47,76.54,93.66,0.79,False,126.7
2025-05-16 14:05:00,Module_D,3.699,28.83,23.64,1.399,10.86,76.36,93.56,2.35,False,119.5
2025-05-16 14:10:00,Module_D,3.697,28.49,23.8,1.408,12.82,76.49,93.62,5.04,False,128.0
2025-05-16 14:15:00,Module_D,3.688,28.58,22.9,1.351,12.86,76.09,93.4,6.59,False,111.8
2025-05-16 14:20:00,Module_D,3.713,28.76,22.63,1.344,12.09,76.47,93.43,8.12,False,131.2
2025-05-16 14:25:00,Module_D,3.695,28.4,22.53,1.332,11.46,75.95,93.33,10.94,False,118.7
2025-05-16 14:30:00,Module_D,3.694,29.09,19.86,1.174,10.63,75.94,93.51,1.62,False,114.8
2025-05-16 14:35:00,Module_D,3.704,28.65,19.5,1.156,9.09,76.53,93.46,5.05,False,120.2
2025-05-16 14:40:00,Module_D,3.726,29.11,19.42,1.158,8.37,76.08,93.49,7.78,False,120.1
2025-05-16 14:45:00,Module_D,3.712,29.15,18.55,1.102,7.74,76.01,93.36,2.0,False,124.4
2025-05-16 14:50:00,Module_D,3.696,29.13,16.47,0.974,12.05,76.17,93.35,3.28,False,118.1
2025-05-16 14:55:00,Module_D,3.693,29.09,16.17,0.955,6.34,75.67,93.34,4.17,False,126.0
2025-05-16 15:00:00,Module_D,3.689,29.4,14.85,0.876,5.92,76.29,93.38,0.08,False,115.8
2025-05-16 15:05:00,Module_D,3.721,29.42,14.79,0.88,10.01,75.58,93.24,5.58,False,115.7
2025-05-16 15:10:00,Module_D,3.673,29.37,15.43,0.907,5.39,75.69,93.18,0.88,False,113.3
2025-05-16 15:15:00,Module_D,3.703,29.51,15.91,0.943,7.28,75.65,93.24,3.13,False,126.7
2025-05-16 15:20:00,Module_D,3.692,29.15,14.86,0.878,5.26,75.9,93.27,11.81,False,127.8
2025-05-16 15:25:00,Module_D,3.724,29.43,15.64,0.932,10.76,75.46,93.08,9.43,False,117.1
2025-05-16 15:30:00,Module_D,3.68,29.04,16.63,0.979,10.6,75.64,93.25,14.58,False,121.8
2025-05-16 15:35:00,Module_D,3.702,29.35,16.88,1.0,4.87,75.19,93.34,1.37,False,115.8
2025-05-16 15:40:00,Module_D,3.651,29.33,18.11,1.058,9.62,75.17,93.21,18.74,False,122.0
2025-05-16 15:45:00,Module_D,3.715,29.65,18.75,1.115,10.06,75.35,93.14,1.74,False,123.4
2025-05-16 15:50:00,Module_D,3.698,29.63,19.83,1.173,11.57,75.07,93.16,2.24,False,126.6
2025-05-16 15:55:00,Module_D,3.738,29.72,20.87,1.248,4.24,75.23,93.12,3.4,False,115.8
2025-05-16 16:00:00,Module_D,3.735,29.48,21.99,1.314,12.7,75.26,93.13,9.58,False,109.6
2025-05-16 16:05:00,Module_D,3.655,30.24,22.29,1.303,11.98,75.29,93.05,1.97,False,120.2
2025-05-16 16:10:00,Module_D,3.727,29.77,23.62,1.409,9.63,74.76,92.88,8.63,False,111.6
2025-05-16 16:15:00,Module_D,3.687,30.11,24.86,1.466,9.68,74.9,93.09,0.24,False,131.3
2025-05-16 16:20:00,Module_D,3.668,30.08,24.98,1.466,12.41,74.77,93.08,1.66,False,139.0
2025-05-16 16:25:00,Module_D,3.671,30.27,24.92,1.464,13.41,74.97,92.87,4.49,False,134.3
2025-05-16 16:30:00,Module_D,3.709,30.12,24.69,1.465,10.32,74.86,92.99,2.02,False,125.6
2025-05-16 16:35:00,Module_D,3.705,30.0,23.98,1.422,12.42,74.94,92.93,8.99,False,116.6
2025-05-16 16:40:00,Module_D,3.685,30.44,23.38,1.378,10.35,74.96,92.86,5.68,False,121.7
2025-05-16 16:45:00,Module_D,3.685,30.17,24.58,1.449,12.05,74.22,92.88,0.84,False,103.0
2025-05-16 16:50:00,Module_D,3.737,30.34,23.53,1.407,12.5,74.68,92.9,12.3,False,141.8
2025-05-16 16:55:00,Module_D,3.73,30.52,22.61,1.349,11.61,74.84,92.7,6.06,False,118.9
2025-05-16 17:00:00,Module_D,3.716,30.2,22.34,1.329,12.81,74.7,92.87,2.25,False,117.5
2025-05-16 17:05:00,Module_D,3.694,30.33,20.7,1.224,13.61,74.45,92.89,0.74,False,129.5
2025-05-16 17:10:00,Module_D,3.672,30.38,19.56,1.149,9.97,74.44,92.81,4.67,False,101.8
2025-05-16 17:15:00,Module_D,3.712,30.62,19.1,1.134,10.83,74.33,92.74,4.51,False,121.3
2025-05-16 17:20:00,Module_D,3.712,30.53,18.8,1.116,8.58,74.22,92.71,6.57,False,112.0
2025-05-16 17:25:00,Module_D,3.699,30.45,15.91,0.942,7.84,74.04,92.62,0.42,False,94.5
2025-05-16 17:30:00,Module_D,3.713,30.91,16.39,0.974,6.6,74.17,92.67,0.41,False,113.3
2025-05-16 17:35:00,Module_D,3.712,31.26,16.33,0.97,5.76,74.12,92.83,5.72,False,121.8
2025-05-16 17:40:00,Module_D,3.685,30.82,15.84,0.934,4.96,73.85,92.62,17.95,False,124.8
2025-05-16 17:45:00,Module_D,3.692,30.9,16.32,0.964,6.58,74.21,92.7,0.8,False,100.9
2025-05-16 17:50:00,Module_D,3.661,31.07,15.01,0.879,11.16,73.63,92.57,0.3,False,130.1
2025-05-16 17:55:00,Module_D,3.707,30.8,14.88,0.883,8.41,73.78,92.6,0.5,False,122.0
2025-05-16 18:00:00,Module_D,3.689,31.4,15.04,0.888,8.32,73.85,92.67,6.69,False,104.8
2025-05-16 18:05:00,Module_D,3.648,31.23,15.46,0.902,13.08,74.05,92.65,2.96,False,105.0
2025-05-16 18:10:00,Module_D,3.715,31.27,16.55,0.983,4.65,74.16,92.55,0.51,False,120.5
2025-05-16 18:15:00,Module_D,3.69,30.99,17.75,1.048,4.71,74.04,92.49,0.22,False,129.3
2025-05-16 18:20:00,Module_D,3.7,31.33,18.71,1.108,8.69,73.85,92.61,2.83,False,140.8
2025-05-16 18:25:00,Module_D,3.72,31.32,18.89,1.124,6.96,73.62,92.55,1.37,False,112.8
2025-05-16 18:30:00,Module_D,3.711,31.24,20.02,1.189,10.88,73.6,92.52,7.89,False,110.4
2025-05-16 18:35:00,Module_D,3.709,31.37,20.83,1.236,11.74,73.53,92.39,0.65,False,128.0
2025-05-16 18:40:00,Module_D,3.685,31.04,22.31,1.316,9.59,73.69,92.52,11.88,False,123.7
2025-05-16 18:45:00,Module_D,3.723,31.67,24.03,1.431,13.07,73.73,92.43,6.71,False,115.8
2025-05-16 18:50:00,Module_D,3.69,31.98,23.84,1.407,12.82,73.19,92.37,3.65,False,124.0
2025-05-16 18:55:00,Module_D,3.697,31.71,24.39,1.442,11.28,73.6,92.36,2.28,False,128.5
2025-05-16 19:00:00,Module_D,3.698,31.77,24.49,1.449,11.41,73.39,92.26,3.44,False,119.7
2025-05-16 19:05:00,Module_D,3.69,31.65,25.16,1.485,13.42,73.59,92.5,5.96,False,129.3
2025-05-16 19:10:00,Module_D,3.725,32.05,25.0,1.49,10.84,73.36,92.34,1.13,False,133.1
2025-05-16 19:15:00,Module_D,3.696,31.79,24.43,1.445,9.92,73.3,92.26,0.88,False,120.7
2025-05-16 19:20:00,Module_D,3.686,31.93,24.64,1.453,9.89,73.41,92.22,18.3,False,141.4
2025-05-16 19:25:00,Module_D,3.681,31.76,24.07,1.418,13.35,73.27,92.27,2.38,False,137.8
2025-05-16 19:30:00,Module_D,3.7,31.75,23.35,1.382,12.34,72.97,92.13,11.36,False,122.6
2025-05-16 19:35:00,Module_D,3.685,31.93,21.48,1.266,10.91,72.8,92.37,1.99,False,109.9
2025-05-16 19:40:00,Module_D,3.703,32.17,21.12,1.251,8.35,72.99,92.18,6.53,False,125.4
2025-05-16 19:45:00,Module_D,3.68,31.96,20.69,1.218,13.97,72.61,91.97,0.96,False,119.5
2025-05-16 19:50:00,Module_D,3.685,31.81,19.76,1.165,5.71,73.12,92.11,1.85,False,139.1
2025-05-16 19:55:00,Module_D,3.702,32.44,18.33,1.086,9.83,72.75,92.31,6.62,False,125.2
2025-05-16 20:00:00,Module_D,3.721,32.18,17.81,1.06,10.56,72.59,92.05,1.33,False,134.4
2025-05-16 20:05:00,Module_D,3.706,31.97,16.47,0.976,10.35,72.77,92.04,3.81,False,108.0
2025-05-16 20:10:00,Module_D,3.696,32.33,16.25,0.961,4.97,72.58,91.95,12.19,False,116.1
2025-05-16 20:15:00,Module_D,3.685,32.24,15.31,0.903,8.71,72.76,92.18,25.04,False,111.5
2025-05-16 20:20:00,Module_D,3.697,31.91,15.16,0.897,7.62,72.49,91.86,0.09,False,117.4
2025-05-16 20:25:00,Module_D,3.712,32.41,15.39,0.914,5.3,72.29,92.03,8.12,False,126.0
